grid,level_IND,upward_heat_flux_in_air,upward_air_velocity,air_temperature,m01s00i253,total_flux
17574,7,271.0,0.13476562,289.25,48790290000000.0,360.2391430388612
17733,7,282.375,-0.046875,289.0,48837268000000.0,371.6141430388612
17257,6,216.875,0.4609375,289.375,48796734000000.0,306.1141430388612
17416,6,242.0,0.6455078,290.125,48689897000000.0,331.2391430388612
17575,7,281.5,0.3154297,289.25,48762643000000.0,370.7391430388612
17734,7,270.125,-0.053710938,288.875,48838073000000.0,359.3641430388612
16940,7,321.125,-0.056640625,288.375,48914577000000.0,410.3641430388612
17099,7,273.75,0.16210938,288.5,48893640000000.0,362.9891430388612
17258,7,201.625,0.5390625,289.0,48817404000000.0,290.8641430388612
17417,7,217.125,0.8457031,289.75,48694460000000.0,306.3641430388612
17576,7,280.75,0.4951172,289.5,48739557000000.0,369.9891430388612
17735,7,273.25,-0.024414062,288.875,48841563000000.0,362.4891430388612
17894,7,270.25,-0.0078125,288.875,48842370000000.0,359.4891430388612
16623,7,298.375,-0.21875,288.375,48921825000000.0,387.6141430388612
16782,7,307.125,-0.17285156,288.375,48920483000000.0,396.3641430388612
16941,7,319.375,-0.08203125,288.375,48919678000000.0,408.6141430388612
17100,7,294.875,0.041015625,288.5,48911893000000.0,384.1141430388612
17259,7,229.0,0.3515625,288.875,48855520000000.0,318.2391430388612
17418,7,206.875,0.77734375,289.625,48722914000000.0,296.1141430388612
17577,7,270.625,0.64941406,289.625,48716203000000.0,359.8641430388612
17736,7,274.75,0.047851562,289.0,48834047000000.0,363.9891430388612
17895,7,267.0,-0.016601562,288.875,48850420000000.0,356.2391430388612
16465,6,325.75,-0.20605469,288.625,48935515000000.0,414.9891430388612
16624,6,324.25,-0.18945312,288.625,48930146000000.0,413.4891430388612
16783,7,299.125,-0.13574219,288.375,48922360000000.0,388.3641430388612
16942,7,321.75,-0.11425781,288.375,48925850000000.0,410.9891430388612
17101,7,323.875,-0.080078125,288.5,48921557000000.0,413.1141430388612
17260,7,249.75,0.17578125,288.75,48879680000000.0,338.9891430388612
17419,7,195.75,0.6972656,289.375,48761032000000.0,284.9891430388612
17578,7,247.5,0.7988281,289.75,48696340000000.0,336.7391430388612
17737,7,266.875,0.18554688,289.125,48812840000000.0,356.1141430388612
17896,7,255.0,-0.020507812,288.875,48853910000000.0,344.2391430388612
18055,7,253.0,0.068359375,288.75,48849080000000.0,342.2391430388612
16307,7,267.0,-0.31640625,288.375,48929610000000.0,356.2391430388612
16466,6,317.75,-0.16113281,288.625,48935515000000.0,406.9891430388612
16625,6,310.875,-0.119140625,288.625,48927462000000.0,400.1141430388612
16784,7,297.25,-0.12597656,288.375,48928000000000.0,386.4891430388612
16943,7,320.875,-0.15820312,288.375,48929880000000.0,410.1141430388612
17102,7,316.0,-0.115234375,288.375,48924778000000.0,405.2391430388612
17261,7,262.125,0.09863281,288.625,48898470000000.0,351.3641430388612
17420,7,201.625,0.5839844,289.125,48807470000000.0,290.8641430388612
17579,7,216.375,0.9013672,289.75,48695265000000.0,305.6141430388612
17738,7,245.5,0.39648438,289.25,48779554000000.0,334.7391430388612
17897,7,235.5,0.026367188,288.875,48850690000000.0,324.7391430388612
18056,7,234.875,0.13671875,288.75,48853910000000.0,324.1141430388612
16149,6,315.0,-0.35546875,288.5,48925315000000.0,404.2391430388612
16308,6,343.375,-0.25,288.5,48932562000000.0,432.6141430388612
16467,6,318.125,-0.13378906,288.625,48935247000000.0,407.3641430388612
16626,6,308.0,-0.064453125,288.625,48930146000000.0,397.2391430388612
16785,7,284.125,-0.12207031,288.375,48925046000000.0,373.3641430388612
16944,7,303.375,-0.15332031,288.375,48926390000000.0,392.6141430388612
17103,7,307.0,-0.13085938,288.375,48930950000000.0,396.2391430388612
17262,7,280.5,-0.00390625,288.5,48920750000000.0,369.7391430388612
17421,7,225.0,0.3828125,289.0,48854448000000.0,314.2391430388612
17580,7,202.5,0.8496094,289.75,48725060000000.0,291.7391430388612
17739,7,235.375,0.6152344,289.5,48745730000000.0,324.6141430388612
17898,7,222.75,0.08691406,288.875,48857130000000.0,311.9891430388612
18057,7,234.875,0.1171875,288.875,48867870000000.0,324.1141430388612
16150,6,317.5,-0.29492188,288.5,48919410000000.0,406.7391430388612
16309,6,320.125,-0.16113281,288.5,48921020000000.0,409.3641430388612
16468,6,318.875,-0.12988281,288.625,48932026000000.0,408.1141430388612
16627,6,311.875,-0.057617188,288.625,48935247000000.0,401.1141430388612
16786,7,280.875,-0.08203125,288.375,48928804000000.0,370.1141430388612
16945,7,294.0,-0.10253906,288.375,48929073000000.0,383.2391430388612
17104,7,300.375,-0.13476562,288.375,48930950000000.0,389.6141430388612
17263,7,291.5,-0.1015625,288.5,48927194000000.0,380.7391430388612
17422,7,238.375,0.18261719,288.75,48883440000000.0,327.6141430388612
17581,7,207.25,0.7109375,289.5,48762106000000.0,296.4891430388612
17740,7,222.25,0.81933594,289.75,48706810000000.0,311.4891430388612
17899,7,218.375,0.19726562,289.0,48830557000000.0,307.6141430388612
18058,7,246.0,0.053710938,288.875,48867870000000.0,335.2391430388612
16151,6,307.5,-0.26367188,288.5,48909210000000.0,396.7391430388612
16310,6,311.125,-0.15722656,288.5,48919410000000.0,400.3641430388612
16469,6,323.25,-0.12109375,288.625,48926120000000.0,412.4891430388612
16628,6,323.625,-0.048828125,288.625,48934173000000.0,412.8641430388612
16787,7,286.5,-0.083984375,288.375,48933100000000.0,375.7391430388612
16946,7,306.75,-0.08984375,288.375,48937394000000.0,395.9891430388612
17105,7,300.875,-0.10058594,288.375,48936320000000.0,390.1141430388612
17264,7,304.125,-0.11035156,288.375,48933368000000.0,393.3641430388612
17423,7,251.875,0.052734375,288.625,48906793000000.0,341.1141430388612
17582,7,215.0,0.54785156,289.25,48811500000000.0,304.2391430388612
17741,7,215.0,0.92089844,289.875,48702245000000.0,304.2391430388612
17900,7,205.0,0.3984375,289.25,48793244000000.0,294.2391430388612
18059,7,226.0,0.040039062,288.875,48864110000000.0,315.2391430388612
18218,7,214.875,0.14257812,288.875,48859550000000.0,304.1141430388612
16152,5,351.0,-0.21289062,288.75,48907600000000.0,440.2391430388612
16311,6,307.5,-0.19433594,288.5,48912967000000.0,396.7391430388612
16470,6,313.5,-0.09375,288.625,48923167000000.0,402.7391430388612
16629,7,293.0,-0.08691406,288.375,48919678000000.0,382.2391430388612
16788,7,297.875,-0.14648438,288.375,48933905000000.0,387.1141430388612
16947,7,309.375,-0.16601562,288.375,48942763000000.0,398.6141430388612
17106,7,301.375,-0.16992188,288.375,48948400000000.0,390.6141430388612
17265,7,303.375,-0.17382812,288.375,48943300000000.0,392.6141430388612
17424,7,264.75,-0.0859375,288.5,48923972000000.0,353.9891430388612
17583,7,235.625,0.30859375,289.0,48860085000000.0,324.8641430388612
17742,7,220.0,0.8310547,289.75,48726672000000.0,309.2391430388612
17901,7,201.625,0.64453125,289.625,48747610000000.0,290.8641430388612
18060,7,185.5,0.103515625,289.0,48857937000000.0,274.7391430388612
18219,7,204.5,0.15136719,288.875,48863574000000.0,293.7391430388612
16153,5,353.625,-0.17773438,288.75,48899010000000.0,442.8641430388612
16312,5,337.0,-0.109375,288.75,48908135000000.0,426.2391430388612
16471,6,303.125,-0.08496094,288.625,48919678000000.0,392.3641430388612
16630,6,333.625,-0.09082031,288.625,48934440000000.0,422.8641430388612
16789,7,297.625,-0.19238281,288.375,48928804000000.0,386.8641430388612
16948,7,299.0,-0.24316406,288.375,48937126000000.0,388.2391430388612
17107,7,286.375,-0.26464844,288.375,48942226000000.0,375.6141430388612
17266,7,279.625,-0.21875,288.375,48937126000000.0,368.8641430388612
17425,7,263.5,-0.14941406,288.5,48923972000000.0,352.7391430388612
17584,7,246.625,0.11328125,288.75,48889613000000.0,335.8641430388612
17743,7,234.0,0.6464844,289.5,48771770000000.0,323.2391430388612
17902,7,213.625,0.8417969,289.875,48708420000000.0,302.8641430388612
18061,7,173.625,0.25683594,289.125,48827336000000.0,262.8641430388612
18220,7,204.375,0.12695312,288.875,48865185000000.0,293.6141430388612
16154,5,365.5,-0.12011719,288.75,48897397000000.0,454.7391430388612
16313,5,347.0,-0.037109375,288.75,48907060000000.0,436.2391430388612
16472,6,305.375,-0.087890625,288.5,48914310000000.0,394.6141430388612
16631,6,325.5,-0.13574219,288.625,48930683000000.0,414.7391430388612
16790,7,279.375,-0.20214844,288.375,48924240000000.0,368.6141430388612
16949,7,272.25,-0.21875,288.375,48929073000000.0,361.4891430388612
17108,7,264.0,-0.21484375,288.375,48934440000000.0,353.2391430388612
17267,7,263.5,-0.15820312,288.375,48939005000000.0,352.7391430388612
17426,7,268.25,-0.1015625,288.375,48927730000000.0,357.4891430388612
17585,7,251.625,0.01953125,288.625,48909210000000.0,340.8641430388612
17744,7,245.125,0.421875,289.125,48825190000000.0,334.3641430388612
17903,7,235.5,0.88183594,289.875,48704392000000.0,324.7391430388612
18062,7,176.125,0.49023438,289.5,48782507000000.0,265.3641430388612
18221,7,204.5,0.11621094,289.0,48862500000000.0,293.7391430388612
16155,5,388.875,-0.171875,288.75,48899813000000.0,478.1141430388612
16314,6,336.25,-0.1328125,288.5,48904377000000.0,425.4891430388612
16473,6,314.75,-0.111328125,288.5,48912160000000.0,403.9891430388612
16632,6,324.375,-0.13574219,288.625,48923704000000.0,413.6141430388612
16791,6,308.625,-0.12109375,288.625,48934173000000.0,397.8641430388612
16950,7,265.625,-0.13085938,288.375,48929340000000.0,354.8641430388612
17109,7,267.875,-0.13769531,288.375,48936320000000.0,357.1141430388612
17268,7,264.875,-0.1328125,288.375,48943837000000.0,354.1141430388612
17427,7,269.625,-0.09375,288.5,48939540000000.0,358.8641430388612
17586,7,267.0,-0.061523438,288.625,48924510000000.0,356.2391430388612
17745,7,264.125,0.19921875,289.0,48866260000000.0,353.3641430388612
17904,7,255.625,0.7216797,289.625,48744658000000.0,344.8641430388612
18063,7,206.375,0.6904297,289.75,48737140000000.0,295.6141430388612
18222,7,198.0,0.13769531,289.125,48848274000000.0,287.2391430388612
18381,7,240.625,0.0625,289.0,48870285000000.0,329.8641430388612
16156,5,387.125,-0.22070312,288.625,48893370000000.0,476.3641430388612
16315,5,372.625,-0.12597656,288.75,48899545000000.0,461.8641430388612
16474,6,329.875,-0.10253906,288.5,48907866000000.0,419.1141430388612
16633,6,323.875,-0.07910156,288.625,48920214000000.0,413.1141430388612
16792,6,300.375,-0.05859375,288.625,48934710000000.0,389.6141430388612
16951,7,271.25,-0.11230469,288.375,48932562000000.0,360.4891430388612
17110,7,274.25,-0.16113281,288.375,48941420000000.0,363.4891430388612
17269,7,268.625,-0.16210938,288.375,48945447000000.0,357.8641430388612
17428,7,271.75,-0.13671875,288.5,48944374000000.0,360.9891430388612
17587,7,271.625,-0.12890625,288.5,48931220000000.0,360.8641430388612
17746,7,273.875,0.0390625,288.75,48894445000000.0,363.1141430388612
17905,7,269.25,0.46191406,289.375,48796197000000.0,358.4891430388612
18064,7,231.25,0.78808594,289.875,48707613000000.0,320.4891430388612
18223,7,185.125,0.2919922,289.375,48804250000000.0,274.3641430388612
18382,7,241.625,0.001953125,289.0,48862770000000.0,330.8641430388612
15998,5,403.5,-0.24316406,288.625,48883440000000.0,492.7391430388612
16157,5,378.625,-0.07910156,288.625,48895520000000.0,467.8641430388612
16316,5,388.375,-0.0234375,288.625,48900350000000.0,477.6141430388612
16475,6,332.625,-0.099609375,288.5,48905987000000.0,421.8641430388612
16634,6,336.125,-0.11035156,288.5,48921290000000.0,425.3641430388612
16793,6,311.125,-0.111328125,288.625,48936320000000.0,400.3641430388612
16952,7,276.125,-0.16308594,288.375,48932294000000.0,365.3641430388612
17111,7,272.875,-0.16113281,288.375,48935515000000.0,362.1141430388612
17270,7,269.5,-0.1875,288.375,48945447000000.0,358.7391430388612
17429,7,264.375,-0.17871094,288.5,48945180000000.0,353.6141430388612
17588,7,265.875,-0.13671875,288.5,48931220000000.0,355.1141430388612
17747,7,275.5,-0.05078125,288.625,48908940000000.0,364.7391430388612
17906,7,291.375,0.22167969,289.125,48841563000000.0,380.6141430388612
18065,7,253.875,0.7265625,289.75,48729625000000.0,343.1141430388612
18224,7,177.625,0.55859375,289.625,48756200000000.0,266.8641430388612
18383,7,202.875,0.061523438,289.0,48845858000000.0,292.1141430388612
15999,5,413.625,-0.125,288.75,48887734000000.0,502.8641430388612
16158,5,411.5,-0.033203125,288.625,48913235000000.0,500.7391430388612
16317,5,405.125,-0.06542969,288.625,48912160000000.0,494.3641430388612
16476,5,380.5,-0.119140625,288.75,48908940000000.0,469.7391430388612
16635,6,336.75,-0.15429688,288.5,48911624000000.0,425.9891430388612
16794,6,317.5,-0.1484375,288.5,48929073000000.0,406.7391430388612
16953,6,318.0,-0.16503906,288.625,48944640000000.0,407.2391430388612
17112,7,269.75,-0.15625,288.375,48942495000000.0,358.9891430388612
17271,7,266.625,-0.20019531,288.375,48943300000000.0,355.8641430388612
17430,7,260.25,-0.19335938,288.375,48942495000000.0,349.4891430388612
17589,7,260.125,-0.13085938,288.5,48935784000000.0,349.3641430388612
17748,7,278.75,-0.095703125,288.625,48917530000000.0,367.9891430388612
17907,7,303.0,0.0703125,288.875,48871090000000.0,392.2391430388612
18066,7,266.625,0.5332031,289.5,48776333000000.0,355.8641430388612
18225,7,200.625,0.7597656,289.75,48719425000000.0,289.8641430388612
18384,7,167.0,0.22558594,289.25,48819550000000.0,256.2391430388612
16000,5,400.0,-0.16113281,288.75,48887465000000.0,489.2391430388612
16159,5,409.625,-0.13574219,288.625,48915920000000.0,498.8641430388612
16318,5,380.5,-0.14453125,288.625,48913235000000.0,469.7391430388612
16477,5,352.125,-0.103515625,288.625,48910820000000.0,441.3641430388612
16636,5,358.375,-0.06542969,288.75,48912967000000.0,447.6141430388612
16795,6,312.25,-0.099609375,288.5,48922900000000.0,401.4891430388612
16954,6,313.75,-0.14941406,288.5,48936590000000.0,402.9891430388612
17113,7,262.0,-0.20214844,288.25,48939810000000.0,351.2391430388612
17272,7,252.375,-0.19726562,288.375,48943030000000.0,341.6141430388612
17431,7,260.375,-0.17089844,288.375,48942495000000.0,349.6141430388612
17590,7,261.875,-0.14355469,288.5,48937126000000.0,351.1141430388612
17749,7,282.0,-0.11816406,288.625,48920214000000.0,371.2391430388612
17908,7,305.5,0.0078125,288.75,48890955000000.0,394.7391430388612
18067,7,284.75,0.32421875,289.125,48826800000000.0,373.9891430388612
18226,7,255.25,0.75683594,289.75,48721840000000.0,344.4891430388612
18385,7,170.25,0.46289062,289.5,48777944000000.0,259.4891430388612
16001,5,383.75,-0.11230469,288.625,48884244000000.0,472.9891430388612
16160,5,383.75,-0.12792969,288.625,48919946000000.0,472.9891430388612
16319,5,348.75,-0.10058594,288.5,48918067000000.0,437.9891430388612
16478,5,327.75,-0.021484375,288.625,48914577000000.0,416.9891430388612
16637,5,321.125,0.06640625,288.625,48918872000000.0,410.3641430388612
16796,6,293.375,-0.038085938,288.5,48923167000000.0,382.6141430388612
16955,6,298.375,-0.1015625,288.5,48933368000000.0,387.6141430388612
17114,6,282.875,-0.17382812,288.5,48949474000000.0,372.1141430388612
17273,7,234.5,-0.171875,288.25,48940615000000.0,323.7391430388612
17432,7,251.125,-0.13671875,288.375,48943300000000.0,340.3641430388612
17591,7,265.75,-0.13378906,288.5,48938200000000.0,354.9891430388612
17750,7,290.5,-0.11328125,288.625,48923167000000.0,379.7391430388612
17909,7,310.25,-0.024414062,288.625,48904914000000.0,399.4891430388612
18068,7,308.125,0.14355469,289.0,48867064000000.0,397.3641430388612
18227,7,292.75,0.57910156,289.5,48766400000000.0,381.9891430388612
18386,7,192.125,0.69921875,289.75,48739020000000.0,281.3641430388612
16002,5,395.125,-0.04296875,288.625,48890420000000.0,484.3641430388612
16161,5,365.0,-0.13183594,288.625,48923704000000.0,454.2391430388612
16320,5,341.875,-0.087890625,288.5,48929610000000.0,431.1141430388612
16479,5,326.0,0.024414062,288.625,48925850000000.0,415.2391430388612
16638,6,292.0,0.020507812,288.375,48925046000000.0,381.2391430388612
16797,6,291.375,-0.032226562,288.5,48926925000000.0,380.6141430388612
16956,6,285.375,-0.043945312,288.5,48933636000000.0,374.6141430388612
17115,6,272.0,-0.076171875,288.5,48946790000000.0,361.2391430388612
17274,6,259.25,-0.08105469,288.5,48959674000000.0,348.4891430388612
17433,7,245.625,-0.12207031,288.375,48947863000000.0,334.8641430388612
17592,7,267.875,-0.12792969,288.5,48942763000000.0,357.1141430388612
17751,7,295.375,-0.10449219,288.5,48926390000000.0,384.6141430388612
17910,7,311.625,-0.0625,288.625,48912700000000.0,400.8641430388612
18069,7,323.0,0.005859375,288.875,48892030000000.0,412.2391430388612
18228,7,301.75,0.34570312,289.25,48818210000000.0,390.9891430388612
18387,7,228.75,0.75390625,289.75,48731236000000.0,317.9891430388612
16003,5,383.875,-0.07910156,288.75,48889613000000.0,473.1141430388612
16162,5,361.0,-0.18066406,288.5,48922093000000.0,450.2391430388612
16321,5,348.625,-0.123046875,288.5,48931757000000.0,437.8641430388612
16480,5,340.875,-0.060546875,288.625,48934710000000.0,430.1141430388612
16639,6,303.625,-0.11230469,288.375,48931490000000.0,392.8641430388612
16798,6,296.625,-0.076171875,288.5,48931757000000.0,385.8641430388612
16957,6,292.125,-0.021484375,288.5,48939540000000.0,381.3641430388612
17116,6,265.625,-0.020507812,288.5,48951890000000.0,354.8641430388612
17275,6,262.75,-0.049804688,288.5,48964775000000.0,351.9891430388612
17434,7,239.625,-0.15039062,288.375,48950548000000.0,328.8641430388612
17593,7,264.25,-0.16113281,288.5,48946253000000.0,353.4891430388612
17752,7,287.5,-0.12207031,288.5,48929340000000.0,376.7391430388612
17911,7,312.0,-0.10839844,288.625,48916188000000.0,401.2391430388612
18070,7,323.375,-0.08984375,288.75,48902766000000.0,412.6141430388612
18229,7,310.5,0.12109375,289.0,48860085000000.0,399.7391430388612
18388,7,285.625,0.5703125,289.5,48763717000000.0,374.8641430388612
16004,5,381.375,-0.083984375,288.75,48881023000000.0,470.6141430388612
16163,5,367.75,-0.1640625,288.5,48919140000000.0,456.9891430388612
16322,5,362.75,-0.171875,288.5,48935247000000.0,451.9891430388612
16481,5,351.0,-0.18945312,288.625,48933368000000.0,440.2391430388612
16640,6,307.125,-0.20410156,288.375,48925046000000.0,396.3641430388612
16799,6,304.875,-0.12597656,288.375,48931220000000.0,394.1141430388612
16958,6,299.875,-0.09375,288.5,48943030000000.0,389.1141430388612
17117,6,273.25,-0.09863281,288.5,48956453000000.0,362.4891430388612
17276,6,255.375,-0.10449219,288.5,48968264000000.0,344.6141430388612
17435,7,227.375,-0.16992188,288.25,48946790000000.0,316.6141430388612
17594,7,255.0,-0.18066406,288.375,48944640000000.0,344.2391430388612
17753,7,279.0,-0.13769531,288.5,48932026000000.0,368.2391430388612
17912,7,306.375,-0.13476562,288.625,48915650000000.0,395.6141430388612
18071,7,319.0,-0.13867188,288.625,48904645000000.0,408.2391430388612
18230,7,315.625,-0.040039062,288.75,48883976000000.0,404.8641430388612
18389,7,310.25,0.328125,289.25,48809887000000.0,399.4891430388612
16164,5,341.5,-0.08984375,288.5,48912967000000.0,430.7391430388612
16323,5,343.875,-0.16699219,288.5,48930415000000.0,433.1141430388612
16482,5,352.75,-0.17871094,288.5,48929073000000.0,441.9891430388612
16641,5,349.5,-0.12402344,288.625,48929610000000.0,438.7391430388612
16800,6,299.5,-0.14746094,288.375,48926925000000.0,388.7391430388612
16959,6,311.125,-0.18554688,288.375,48936050000000.0,400.3641430388612
17118,6,278.5,-0.1953125,288.375,48950010000000.0,367.7391430388612
17277,6,257.25,-0.17285156,288.5,48966117000000.0,346.4891430388612
17436,7,227.25,-0.16796875,288.25,48948937000000.0,316.4891430388612
17595,7,247.75,-0.16894531,288.375,48944374000000.0,336.9891430388612
17754,7,272.0,-0.14160156,288.5,48935784000000.0,361.2391430388612
17913,7,295.5,-0.11816406,288.5,48915383000000.0,384.7391430388612
18072,7,310.75,-0.11621094,288.625,48901960000000.0,399.9891430388612
18231,7,312.5,-0.091796875,288.75,48892566000000.0,401.7391430388612
18390,7,312.25,0.1328125,289.0,48848542000000.0,401.4891430388612
18549,7,265.875,0.609375,289.5,48760764000000.0,355.1141430388612
16165,5,317.5,0.0068359375,288.625,48913503000000.0,406.7391430388612
16324,5,327.375,-0.09863281,288.5,48933636000000.0,416.6141430388612
16483,5,348.625,-0.09277344,288.5,48931757000000.0,437.8641430388612
16642,5,347.125,-0.038085938,288.625,48933368000000.0,436.3641430388612
16801,5,340.875,-0.08691406,288.625,48935247000000.0,430.1141430388612
16960,6,295.625,-0.18164062,288.375,48926925000000.0,384.8641430388612
17119,6,266.5,-0.17480469,288.375,48937930000000.0,355.7391430388612
17278,6,262.375,-0.16113281,288.375,48959674000000.0,351.6141430388612
17437,7,234.625,-0.19433594,288.25,48951353000000.0,323.8641430388612
17596,7,249.75,-0.1875,288.375,48947595000000.0,338.9891430388612
17755,7,264.5,-0.15332031,288.375,48938200000000.0,353.7391430388612
17914,7,287.0,-0.09863281,288.5,48920483000000.0,376.2391430388612
18073,7,298.375,-0.07324219,288.625,48903840000000.0,387.6141430388612
18232,7,314.125,-0.06640625,288.625,48897397000000.0,403.3641430388612
18391,7,321.875,0.015625,288.75,48874580000000.0,411.1141430388612
18550,7,290.0,0.37695312,289.25,48806935000000.0,379.2391430388612
16166,5,313.625,0.046875,288.75,48910550000000.0,402.8641430388612
16325,5,317.125,-0.05078125,288.5,48937394000000.0,406.3641430388612
16484,5,327.625,-0.025390625,288.5,48939273000000.0,416.8641430388612
16643,5,336.75,0.0,288.5,48943030000000.0,425.9891430388612
16802,5,322.75,-0.056640625,288.625,48939810000000.0,411.9891430388612
16961,5,320.5,-0.05859375,288.625,48934440000000.0,409.7391430388612
17120,6,259.625,-0.080078125,288.375,48934710000000.0,348.8641430388612
17279,6,256.625,-0.1328125,288.375,48955648000000.0,345.8641430388612
17438,6,263.125,-0.21289062,288.375,48965310000000.0,352.3641430388612
17597,7,247.25,-0.22460938,288.25,48945447000000.0,336.4891430388612
17756,7,258.625,-0.16796875,288.375,48939005000000.0,347.8641430388612
17915,7,283.0,-0.103515625,288.5,48924240000000.0,372.2391430388612
18074,7,295.875,-0.068359375,288.5,48908403000000.0,385.1141430388612
18233,7,316.75,-0.051757812,288.625,48902230000000.0,405.9891430388612
18392,7,333.5,-0.041992188,288.75,48889076000000.0,422.7391430388612
18551,7,305.0,0.15039062,289.0,48846126000000.0,394.2391430388612
16167,6,288.125,-0.001953125,288.5,48896860000000.0,377.3641430388612
16326,5,297.0,-0.06640625,288.625,48939810000000.0,386.2391430388612
16485,5,293.5,-0.02734375,288.5,48948937000000.0,382.7391430388612
16644,6,272.0,-0.059570312,288.25,48942495000000.0,361.2391430388612
16803,6,294.375,-0.0625,288.375,48936320000000.0,383.6141430388612
16962,6,293.125,-0.0146484375,288.375,48934440000000.0,382.3641430388612
17121,6,280.0,-0.041015625,288.375,48939273000000.0,369.2391430388612
17280,6,262.375,-0.12207031,288.375,48953500000000.0,351.6141430388612
17439,6,260.0,-0.19335938,288.375,48959138000000.0,349.2391430388612
17598,6,274.625,-0.19042969,288.5,48959406000000.0,363.8641430388612
17757,7,262.5,-0.16113281,288.375,48939810000000.0,351.7391430388612
17916,7,287.875,-0.10644531,288.5,48929340000000.0,377.1141430388612
18075,7,303.125,-0.076171875,288.5,48911893000000.0,392.3641430388612
18234,7,317.875,-0.08984375,288.625,48906256000000.0,407.1141430388612
18393,7,344.125,-0.08496094,288.625,48898470000000.0,433.3641430388612
18552,7,323.5,-0.0009765625,288.75,48872433000000.0,412.7391430388612
16168,6,305.75,-0.06347656,288.625,48886390000000.0,394.9891430388612
16327,6,267.0,-0.13867188,288.375,48923167000000.0,356.2391430388612
16486,6,238.125,-0.09765625,288.25,48941152000000.0,327.3641430388612
16645,6,247.75,-0.07714844,288.25,48949205000000.0,336.9891430388612
16804,6,287.75,-0.07324219,288.375,48945180000000.0,376.9891430388612
16963,6,299.5,-0.047851562,288.375,48943570000000.0,388.7391430388612
17122,6,297.875,-0.041992188,288.375,48944105000000.0,387.1141430388612
17281,6,269.375,-0.08691406,288.375,48953770000000.0,358.6141430388612
17440,6,248.875,-0.11230469,288.375,48958332000000.0,338.1141430388612
17599,6,265.375,-0.11425781,288.375,48959406000000.0,354.6141430388612
17758,7,257.625,-0.13964844,288.25,48941958000000.0,346.8641430388612
17917,7,291.875,-0.115234375,288.375,48935247000000.0,381.1141430388612
18076,7,302.0,-0.08105469,288.5,48917530000000.0,391.2391430388612
18235,7,318.0,-0.10058594,288.5,48903840000000.0,407.2391430388612
18394,7,333.0,-0.09277344,288.625,48899010000000.0,422.2391430388612
18553,7,322.25,-0.052734375,288.625,48886123000000.0,411.4891430388612
16169,6,322.125,-0.095703125,288.75,48868675000000.0,411.3641430388612
16328,6,279.25,-0.15625,288.5,48910550000000.0,368.4891430388612
16487,6,232.5,-0.15820312,288.375,48937930000000.0,321.7391430388612
16646,6,243.375,-0.1875,288.375,48953230000000.0,332.6141430388612
16805,6,292.5,-0.16601562,288.375,48951353000000.0,381.7391430388612
16964,6,313.125,-0.12402344,288.375,48949474000000.0,402.3641430388612
17123,6,298.875,-0.06738281,288.375,48950280000000.0,388.1141430388612
17282,6,259.875,-0.055664062,288.25,48955916000000.0,349.1141430388612
17441,6,236.5,-0.03125,288.25,48961820000000.0,325.7391430388612
17600,6,248.5,-0.021484375,288.375,48963970000000.0,337.7391430388612
17759,6,279.375,-0.053710938,288.5,48960750000000.0,368.6141430388612
17918,7,288.375,-0.115234375,288.375,48935784000000.0,377.6141430388612
18077,7,300.75,-0.08691406,288.5,48922900000000.0,389.9891430388612
18236,7,311.25,-0.046875,288.5,48906793000000.0,400.4891430388612
18395,7,316.0,-0.034179688,288.5,48899276000000.0,405.2391430388612
18554,7,318.625,-0.01171875,288.625,48891490000000.0,407.8641430388612
16170,6,353.75,-0.11230469,288.75,48853374000000.0,442.9891430388612
16329,6,319.625,-0.21875,288.625,48892030000000.0,408.8641430388612
16488,5,263.375,-0.22167969,288.625,48933100000000.0,352.6141430388612
16647,6,249.0,-0.3076172,288.375,48942495000000.0,338.2391430388612
16806,6,272.125,-0.25976562,288.375,48948670000000.0,361.3641430388612
16965,6,301.375,-0.19726562,288.375,48950548000000.0,390.6141430388612
17124,6,289.5,-0.11230469,288.375,48954306000000.0,378.7391430388612
17283,6,265.375,-0.03515625,288.25,48959943000000.0,354.6141430388612
17442,6,243.625,0.01171875,288.25,48969070000000.0,332.8641430388612
17601,6,241.25,0.005859375,288.375,48975244000000.0,330.4891430388612
17760,7,248.875,-0.072265625,288.25,48953770000000.0,338.1141430388612
17919,7,294.375,-0.1171875,288.375,48941420000000.0,383.6141430388612
18078,7,310.75,-0.11035156,288.375,48928267000000.0,399.9891430388612
18237,7,313.0,-0.055664062,288.5,48918872000000.0,402.2391430388612
18396,7,318.625,-0.029296875,288.5,48911356000000.0,407.8641430388612
18555,7,332.125,-0.0068359375,288.625,48906524000000.0,421.3641430388612
16171,5,357.25,-0.14648438,289.125,48842370000000.0,446.4891430388612
16330,5,365.0,-0.23144531,288.875,48874310000000.0,454.2391430388612
16489,5,313.25,-0.25585938,288.75,48906793000000.0,402.4891430388612
16648,5,282.0,-0.30078125,288.625,48930683000000.0,371.2391430388612
16807,6,260.0,-0.29785156,288.25,48938200000000.0,349.2391430388612
16966,6,282.375,-0.20214844,288.25,48944910000000.0,371.6141430388612
17125,6,282.125,-0.09863281,288.25,48952427000000.0,371.3641430388612
17284,6,279.25,-0.08691406,288.375,48968264000000.0,368.4891430388612
17443,6,254.125,-0.11425781,288.375,48981955000000.0,343.3641430388612
17602,6,251.5,-0.119140625,288.375,48984100000000.0,340.7391430388612
17761,7,250.375,-0.18554688,288.25,48961553000000.0,339.6141430388612
17920,7,291.125,-0.18554688,288.25,48947863000000.0,380.3641430388612
18079,7,316.25,-0.15722656,288.375,48931490000000.0,405.4891430388612
18238,7,320.125,-0.111328125,288.375,48920214000000.0,409.3641430388612
18397,7,324.25,-0.0703125,288.5,48912967000000.0,413.4891430388612
18556,7,335.875,-0.048828125,288.5,48910820000000.0,425.1141430388612
16172,5,323.5,-0.09082031,289.125,48823310000000.0,412.7391430388612
16331,5,359.625,-0.18164062,288.875,48856595000000.0,448.8641430388612
16490,5,358.125,-0.23925781,288.75,48885586000000.0,447.3641430388612
16649,5,340.875,-0.25390625,288.625,48909745000000.0,430.1141430388612
16808,5,273.5,-0.22949219,288.5,48936050000000.0,362.7391430388612
16967,6,274.875,-0.21484375,288.25,48943837000000.0,364.1141430388612
17126,6,286.375,-0.18261719,288.375,48957795000000.0,375.6141430388612
17285,6,278.375,-0.21191406,288.25,48959943000000.0,367.6141430388612
17444,6,251.875,-0.23144531,288.25,48969070000000.0,341.1141430388612
17603,6,252.0,-0.22949219,288.375,48980344000000.0,341.2391430388612
17762,6,267.125,-0.26171875,288.375,48976050000000.0,356.3641430388612
17921,6,306.25,-0.24023438,288.5,48962627000000.0,395.4891430388612
18080,6,338.5,-0.16796875,288.5,48947595000000.0,427.7391430388612
18239,7,323.75,-0.13964844,288.375,48925850000000.0,412.9891430388612
18398,7,324.25,-0.10839844,288.5,48919678000000.0,413.4891430388612
16332,5,364.625,-0.12402344,288.875,48845052000000.0,453.8641430388612
16491,5,360.625,-0.20996094,288.75,48865185000000.0,449.8641430388612
16650,5,357.75,-0.20996094,288.625,48888807000000.0,446.9891430388612
16809,5,313.625,-0.2265625,288.5,48914846000000.0,402.8641430388612
16968,5,318.625,-0.21972656,288.5,48937126000000.0,407.8641430388612
17127,6,304.125,-0.2783203,288.25,48947326000000.0,393.3641430388612
17286,6,288.25,-0.25195312,288.25,48956720000000.0,377.4891430388612
17445,6,254.625,-0.2265625,288.25,48964775000000.0,343.8641430388612
17604,6,247.875,-0.24023438,288.25,48973365000000.0,337.1141430388612
17763,6,254.625,-0.2548828,288.25,48971217000000.0,343.8641430388612
17922,6,282.375,-0.20507812,288.375,48958332000000.0,371.6141430388612
18081,6,326.75,-0.13378906,288.5,48948400000000.0,415.9891430388612
18240,6,348.875,-0.13867188,288.625,48937930000000.0,438.1141430388612
18399,6,351.5,-0.13085938,288.625,48931490000000.0,440.7391430388612
16333,5,354.375,-0.08886719,289.0,48838880000000.0,443.6141430388612
16492,4,382.875,-0.14257812,289.0,48850420000000.0,472.1141430388612
16651,4,381.875,-0.09277344,288.875,48867333000000.0,471.1141430388612
16810,5,354.875,-0.095703125,288.5,48896860000000.0,444.1141430388612
16969,5,356.75,-0.15234375,288.5,48923167000000.0,445.9891430388612
17128,5,358.875,-0.20019531,288.5,48941690000000.0,448.1141430388612
17287,6,300.625,-0.19726562,288.25,48946790000000.0,389.8641430388612
17446,6,266.875,-0.17578125,288.25,48958870000000.0,356.1141430388612
17605,6,248.875,-0.18945312,288.25,48970410000000.0,338.1141430388612
17764,6,243.75,-0.17871094,288.25,48969875000000.0,332.9891430388612
17923,6,265.5,-0.10253906,288.375,48962360000000.0,354.7391430388612
18082,6,311.625,-0.047851562,288.375,48954843000000.0,400.8641430388612
18241,6,347.625,-0.072265625,288.5,48941690000000.0,436.8641430388612
18400,6,350.375,-0.0859375,288.625,48933636000000.0,439.6141430388612
16334,5,330.625,-0.041015625,289.125,48830290000000.0,419.8641430388612
16493,5,347.625,-0.087890625,288.75,48852030000000.0,436.8641430388612
16652,4,379.875,-0.01171875,289.0,48864380000000.0,469.1141430388612
16811,5,352.875,-0.01953125,288.625,48894713000000.0,442.1141430388612
16970,5,351.375,-0.09472656,288.5,48915650000000.0,440.6141430388612
17129,5,363.25,-0.103515625,288.5,48935784000000.0,452.4891430388612
17288,5,340.5,-0.08496094,288.5,48955110000000.0,429.7391430388612
17447,6,282.875,-0.123046875,288.25,48958870000000.0,372.1141430388612
17606,6,256.0,-0.125,288.25,48968533000000.0,345.2391430388612
17765,6,239.5,-0.0703125,288.25,48972022000000.0,328.7391430388612
17924,6,263.375,-0.028320312,288.25,48970680000000.0,352.6141430388612
18083,6,299.125,0.015625,288.375,48967190000000.0,388.3641430388612
18242,6,340.75,0.01953125,288.5,48950280000000.0,429.9891430388612
18401,6,347.0,0.013671875,288.5,48939005000000.0,436.2391430388612
16494,5,338.75,-0.07714844,288.875,48848810000000.0,427.9891430388612
16653,4,380.625,-0.028320312,289.0,48856327000000.0,469.8641430388612
16812,5,338.375,-0.030273438,288.625,48883976000000.0,427.6141430388612
16971,5,345.875,-0.0390625,288.5,48909477000000.0,435.1141430388612
17130,5,362.625,-0.060546875,288.5,48932830000000.0,451.8641430388612
17289,5,350.875,-0.07910156,288.5,48952963000000.0,440.1141430388612
17448,6,291.5,-0.109375,288.25,48960750000000.0,380.7391430388612
17607,6,269.0,-0.08203125,288.25,48973096000000.0,358.2391430388612
17766,6,239.875,-0.022460938,288.25,48983030000000.0,329.1141430388612
17925,6,264.75,-0.00390625,288.25,48981418000000.0,353.9891430388612
18084,6,286.625,0.0068359375,288.375,48980612000000.0,375.8641430388612
18243,6,335.875,0.0546875,288.5,48965850000000.0,425.1141430388612
18402,6,341.625,0.08203125,288.5,48954306000000.0,430.8641430388612
16495,5,317.0,-0.040039062,289.0,48840490000000.0,406.2391430388612
16654,5,343.5,-0.037109375,288.75,48856060000000.0,432.7391430388612
16813,4,374.125,0.016601562,289.0,48870017000000.0,463.3641430388612
16972,5,334.625,0.005859375,288.625,48903035000000.0,423.8641430388612
17131,5,359.875,-0.048828125,288.5,48927730000000.0,449.1141430388612
17290,5,339.375,-0.08105469,288.5,48948937000000.0,428.6141430388612
17449,6,282.625,-0.12695312,288.25,48958332000000.0,371.8641430388612
17608,6,261.5,-0.1015625,288.25,48973900000000.0,350.7391430388612
17767,6,231.25,-0.060546875,288.25,48988397000000.0,320.4891430388612
17926,6,252.5,-0.015625,288.25,48990813000000.0,341.7391430388612
18085,6,274.25,-0.034179688,288.375,48989740000000.0,363.4891430388612
18244,7,299.0,-0.032226562,288.25,48964775000000.0,388.2391430388612
18403,7,302.375,-0.001953125,288.25,48954574000000.0,391.6141430388612
16655,5,298.5,0.020507812,288.75,48853374000000.0,387.7391430388612
16814,5,333.25,0.06738281,288.75,48865720000000.0,422.4891430388612
16973,5,341.5,0.045898438,288.625,48893102000000.0,430.7391430388612
17132,5,349.625,-0.009765625,288.5,48921020000000.0,438.8641430388612
17291,5,342.0,-0.0703125,288.5,48945716000000.0,431.2391430388612
17450,5,325.125,-0.06933594,288.375,48965310000000.0,414.3641430388612
17609,6,244.75,-0.080078125,288.125,48968800000000.0,333.9891430388612
17768,6,222.5,-0.061523438,288.25,48987860000000.0,311.7391430388612
17927,6,242.5,-0.053710938,288.25,48999940000000.0,331.7391430388612
18086,7,232.375,-0.13476562,288.125,48979270000000.0,321.6141430388612
18245,7,289.5,-0.12890625,288.125,48972290000000.0,378.7391430388612
18404,7,300.75,-0.09375,288.25,48962896000000.0,389.9891430388612
17292,5,337.5,-0.049804688,288.5,48940884000000.0,426.7391430388612
17451,5,303.625,-0.03125,288.375,48965043000000.0,392.8641430388612
17610,6,241.75,-0.040039062,288.125,48972022000000.0,330.9891430388612
17769,6,217.125,-0.0625,288.125,48990544000000.0,306.3641430388612
17928,6,227.75,-0.11035156,288.25,49003698000000.0,316.9891430388612
18087,6,236.625,-0.15722656,288.25,49001280000000.0,325.8641430388612
18246,7,269.375,-0.18457031,288.125,48974440000000.0,358.6141430388612
17452,5,300.375,-0.01171875,288.375,48962360000000.0,389.6141430388612
17611,6,240.75,-0.043945312,288.125,48972828000000.0,329.9891430388612
17770,6,211.125,-0.07324219,288.125,48989740000000.0,300.3641430388612
17929,6,199.875,-0.109375,288.25,49002356000000.0,289.1141430388612
18088,6,205.0,-0.12988281,288.25,49002087000000.0,294.2391430388612
18247,6,275.5,-0.14257812,288.375,48995376000000.0,364.7391430388612
17612,6,245.125,-0.03515625,288.125,48971217000000.0,334.3641430388612
17771,6,213.625,-0.049804688,288.125,48990008000000.0,302.8641430388612
17930,6,188.125,-0.091796875,288.125,49003698000000.0,277.3641430388612
18089,6,188.125,-0.1171875,288.25,49006650000000.0,277.3641430388612
