,altitude
1.0,8.804805755615234
2.0,11.837990760803223
3.0,14.088207244873047
4.0,10.285412788391113
5.0,8.57022762298584
6.0,8.649770736694336
7.0,8.280902862548828
8.0,8.178872108459473
9.0,6.896009922027588
10.0,3.7846827507019043
11.0,6.328884601593018
12.0,9.133512496948242
13.0,10.083078384399414
14.0,8.775623321533203
15.0,9.249918937683105
16.0,9.583064079284668
17.0,9.076926231384277
18.0,8.924590110778809
19.0,10.2275972366333
20.0,9.572968482971191
21.0,11.715944290161133
22.0,15.911737442016602
23.0,21.548742294311523
24.0,22.93470001220703
25.0,27.945083618164062
26.0,34.40205764770508
27.0,36.55271530151367
28.0,36.16870880126953
29.0,39.74872970581055
30.0,48.80253601074219
31.0,43.82530212402344
32.0,38.589351654052734
33.0,34.96479797363281
34.0,35.074012756347656
35.0,33.77142333984375
36.0,38.526092529296875
37.0,46.50685501098633
38.0,45.05358123779297
39.0,43.75225067138672
40.0,38.181636810302734
41.0,44.44807052612305
42.0,53.54595184326172
43.0,47.95669174194336
44.0,44.616455078125
45.0,51.774208068847656
46.0,54.60581588745117
47.0,50.81650161743164
48.0,45.239891052246094
49.0,48.53275680541992
50.0,15.86428165435791
51.0,22.3492374420166
52.0,24.846790313720703
53.0,19.46493148803711
54.0,16.48977279663086
55.0,10.772560119628906
56.0,8.026423454284668
57.0,8.059431076049805
58.0,5.8752923011779785
59.0,5.175591468811035
60.0,7.656959533691406
61.0,7.369747638702393
62.0,9.392979621887207
63.0,8.564223289489746
64.0,9.214032173156738
65.0,8.460245132446289
66.0,8.374313354492188
67.0,8.258794784545898
68.0,9.042744636535645
69.0,10.555499076843262
70.0,9.692472457885742
71.0,10.511034965515137
72.0,14.53812313079834
73.0,17.5435791015625
74.0,23.265411376953125
75.0,28.555002212524414
76.0,33.154876708984375
77.0,35.23802947998047
78.0,40.793128967285156
79.0,47.8374137878418
80.0,41.900081634521484
81.0,38.242881774902344
82.0,36.82624435424805
83.0,37.921791076660156
84.0,37.52937698364258
85.0,40.30748748779297
86.0,48.539161682128906
87.0,57.314430236816406
88.0,56.2306022644043
89.0,42.03610610961914
90.0,38.26507568359375
91.0,43.168975830078125
92.0,42.61740493774414
93.0,44.43535232543945
94.0,45.491554260253906
95.0,45.0683479309082
96.0,45.43269348144531
97.0,43.90154266357422
98.0,45.92167282104492
99.0,27.937747955322266
100.0,35.86451721191406
101.0,36.069095611572266
102.0,24.33458137512207
103.0,18.742284774780273
104.0,13.27945613861084
105.0,9.24875259399414
106.0,8.204530715942383
107.0,8.115976333618164
108.0,7.406458377838135
109.0,6.536619663238525
110.0,8.747841835021973
111.0,7.771303653717041
112.0,7.634485244750977
113.0,8.836170196533203
114.0,9.051822662353516
115.0,8.01351547241211
116.0,7.46899938583374
117.0,8.16721248626709
118.0,9.521312713623047
119.0,10.002845764160156
120.0,9.829480171203613
121.0,14.112039566040039
122.0,17.76125717163086
123.0,22.889862060546875
124.0,26.23983383178711
125.0,32.2715950012207
126.0,35.70584487915039
127.0,45.95990753173828
128.0,50.1181755065918
129.0,44.551387786865234
130.0,44.09946060180664
131.0,41.650909423828125
132.0,38.90951919555664
133.0,41.70766830444336
134.0,42.18214797973633
135.0,49.237728118896484
136.0,68.31552124023438
137.0,61.13679885864258
138.0,48.26642608642578
139.0,43.692752838134766
140.0,39.67261505126953
141.0,46.30002212524414
142.0,51.9859504699707
143.0,51.10170364379883
144.0,51.73293685913086
145.0,50.94929504394531
146.0,49.686256408691406
147.0,47.80686950683594
148.0,36.99656677246094
149.0,43.74321365356445
150.0,39.53345489501953
151.0,28.306049346923828
152.0,20.494468688964844
153.0,13.5465726852417
154.0,10.818008422851562
155.0,9.348684310913086
156.0,8.424147605895996
157.0,8.311090469360352
158.0,7.27773904800415
159.0,7.408779144287109
160.0,6.579278469085693
161.0,4.987778663635254
162.0,7.851561069488525
163.0,8.511300086975098
164.0,7.7369704246521
165.0,8.113985061645508
166.0,8.466976165771484
167.0,9.132560729980469
168.0,9.622241973876953
169.0,10.233464241027832
170.0,15.072494506835938
171.0,15.328587532043457
172.0,21.142009735107422
173.0,27.182762145996094
174.0,34.42213439941406
175.0,37.90284729003906
176.0,46.71696090698242
177.0,53.13393020629883
178.0,45.77309036254883
179.0,48.02163314819336
180.0,49.208221435546875
181.0,43.80915069580078
182.0,42.618568420410156
183.0,39.898101806640625
184.0,54.669586181640625
185.0,72.53794860839844
186.0,66.28241729736328
187.0,58.49013900756836
188.0,48.85572052001953
189.0,45.31879425048828
190.0,55.596797943115234
191.0,65.45126342773438
192.0,69.4909439086914
193.0,71.72180938720703
194.0,68.47704315185547
195.0,60.98891067504883
196.0,55.05044937133789
197.0,44.01081848144531
198.0,45.58243179321289
199.0,38.56422805786133
200.0,25.352643966674805
201.0,18.32720184326172
202.0,12.700736999511719
203.0,10.380644798278809
204.0,8.346684455871582
205.0,5.424614906311035
206.0,4.662220001220703
207.0,5.42454719543457
208.0,6.552138328552246
209.0,7.081908226013184
210.0,4.721243381500244
211.0,7.576730728149414
212.0,7.851040840148926
213.0,7.838513374328613
214.0,7.559063911437988
215.0,7.148414134979248
216.0,9.059176445007324
217.0,9.029242515563965
218.0,11.607259750366211
219.0,13.392661094665527
220.0,13.88255500793457
221.0,17.459924697875977
222.0,26.342750549316406
223.0,36.40449523925781
224.0,43.331764221191406
225.0,52.02928924560547
226.0,55.72489547729492
227.0,51.62894821166992
228.0,58.06502914428711
229.0,52.86795425415039
230.0,47.61667251586914
231.0,44.33832550048828
232.0,40.61052703857422
233.0,46.82344055175781
234.0,61.09857940673828
235.0,71.01561737060547
236.0,57.9022331237793
237.0,48.835052490234375
238.0,44.411067962646484
239.0,54.126373291015625
240.0,63.24849319458008
241.0,68.25945281982422
242.0,79.79216766357422
243.0,85.04023742675781
244.0,77.0633544921875
245.0,69.23575592041016
246.0,53.493865966796875
247.0,48.52527618408203
248.0,37.944583892822266
249.0,23.001937866210938
250.0,15.290781021118164
251.0,11.447066307067871
252.0,9.075088500976562
253.0,8.45902156829834
254.0,6.203081130981445
255.0,3.60611629486084
256.0,3.156430959701538
257.0,5.427144527435303
258.0,7.4513421058654785
259.0,5.579896450042725
260.0,7.813436031341553
261.0,8.197379112243652
262.0,7.822721481323242
263.0,8.428510665893555
264.0,8.201142311096191
265.0,8.867744445800781
266.0,9.674933433532715
267.0,11.467460632324219
268.0,11.11241626739502
269.0,13.266607284545898
270.0,18.094797134399414
271.0,25.855201721191406
272.0,36.70536804199219
273.0,47.024410247802734
274.0,54.620304107666016
275.0,55.57624816894531
276.0,55.2851448059082
277.0,66.18697357177734
278.0,56.61229705810547
279.0,49.32467269897461
280.0,46.94960021972656
281.0,42.70938491821289
282.0,43.52621078491211
283.0,49.030357360839844
284.0,63.31282043457031
285.0,55.17620849609375
286.0,48.91796112060547
287.0,44.367000579833984
288.0,48.20157241821289
289.0,56.135765075683594
290.0,66.42804718017578
291.0,75.60745239257812
292.0,83.03952026367188
293.0,87.02176666259766
294.0,87.11835479736328
295.0,56.023048400878906
296.0,50.227294921875
297.0,36.21955108642578
298.0,22.215295791625977
299.0,14.962300300598145
300.0,11.698214530944824
301.0,9.79909610748291
302.0,6.667238235473633
303.0,2.6652426719665527
304.0,2.142879009246826
305.0,0.7277891635894775
306.0,7.801345348358154
307.0,8.320542335510254
308.0,7.671654224395752
309.0,12.277663230895996
310.0,9.721323013305664
311.0,7.231911659240723
312.0,7.983887195587158
313.0,9.302903175354004
314.0,8.914627075195312
315.0,13.894018173217773
316.0,12.01089096069336
317.0,12.286299705505371
318.0,13.586487770080566
319.0,17.6455078125
320.0,25.00545310974121
321.0,35.059837341308594
322.0,44.02396011352539
323.0,50.64836120605469
324.0,55.14442825317383
325.0,59.43228530883789
326.0,62.94110870361328
327.0,58.98326110839844
328.0,54.459285736083984
329.0,50.92349624633789
330.0,45.03675842285156
331.0,47.745574951171875
332.0,48.881473541259766
333.0,52.758079528808594
334.0,54.03689956665039
335.0,52.78113555908203
336.0,46.94758224487305
337.0,46.7208251953125
338.0,55.31123352050781
339.0,64.00587463378906
340.0,72.36659240722656
341.0,74.90894317626953
342.0,78.68262481689453
343.0,78.46491241455078
344.0,52.765785217285156
345.0,46.923118591308594
346.0,34.29584884643555
347.0,21.898393630981445
348.0,15.1044921875
349.0,11.561635971069336
350.0,10.58166217803955
351.0,5.878694534301758
352.0,5.475123882293701
353.0,6.604236602783203
354.0,6.904585361480713
355.0,7.164947509765625
356.0,8.886861801147461
357.0,9.25057601928711
358.0,15.735042572021484
359.0,10.168715476989746
360.0,9.135717391967773
361.0,7.997141361236572
362.0,11.486557960510254
363.0,8.267586708068848
364.0,8.694283485412598
365.0,11.029277801513672
366.0,12.176889419555664
367.0,15.300140380859375
368.0,20.08315658569336
369.0,24.92435073852539
370.0,33.430728912353516
371.0,39.00441360473633
372.0,45.688987731933594
373.0,54.095314025878906
374.0,61.80582809448242
375.0,65.21014404296875
376.0,61.80425262451172
377.0,57.34041213989258
378.0,52.52957534790039
379.0,49.77573013305664
380.0,53.49422836303711
381.0,54.821083068847656
382.0,53.97519302368164
383.0,58.260520935058594
384.0,53.59696960449219
385.0,48.4886589050293
386.0,47.911476135253906
387.0,48.7802734375
388.0,54.126060485839844
389.0,59.58548355102539
390.0,61.95100402832031
391.0,68.26429748535156
392.0,65.25624084472656
393.0,46.33842468261719
394.0,40.49531936645508
395.0,36.363525390625
396.0,24.772275924682617
397.0,15.202434539794922
398.0,12.49007797241211
399.0,8.233619689941406
400.0,7.603574275970459
401.0,7.243398666381836
402.0,7.748817443847656
403.0,8.281203269958496
404.0,7.458314895629883
405.0,6.898695468902588
406.0,7.787959575653076
407.0,8.917645454406738
408.0,10.795823097229004
409.0,8.046741485595703
410.0,8.563679695129395
411.0,10.388568878173828
412.0,11.19139289855957
413.0,11.192687034606934
414.0,11.66619873046875
415.0,13.146388053894043
416.0,20.068138122558594
417.0,25.480327606201172
418.0,26.93262481689453
419.0,32.98856735229492
420.0,36.537872314453125
421.0,39.914363861083984
422.0,48.86795425415039
423.0,56.54780197143555
424.0,62.719120025634766
425.0,62.67517852783203
426.0,59.392364501953125
427.0,54.66959762573242
428.0,53.634212493896484
429.0,56.97013854980469
430.0,60.64699172973633
431.0,57.63334274291992
432.0,54.27275085449219
433.0,49.739585876464844
434.0,50.62136459350586
435.0,52.50617980957031
436.0,52.252525329589844
437.0,51.69266891479492
438.0,52.117305755615234
439.0,50.685787200927734
440.0,54.97665786743164
441.0,57.06332015991211
442.0,30.943378448486328
443.0,38.24299240112305
444.0,30.979999542236328
445.0,24.70442008972168
446.0,14.963164329528809
447.0,10.052322387695312
448.0,6.143854141235352
449.0,6.602619647979736
450.0,7.932075023651123
451.0,7.503037452697754
452.0,8.170839309692383
453.0,7.002439498901367
454.0,6.9111833572387695
455.0,7.471023082733154
456.0,8.980371475219727
457.0,11.690057754516602
458.0,9.918509483337402
459.0,8.71652889251709
460.0,11.945067405700684
461.0,13.825029373168945
462.0,15.013705253601074
463.0,17.232311248779297
464.0,16.04314422607422
465.0,21.615829467773438
466.0,26.406431198120117
467.0,28.723066329956055
468.0,32.338890075683594
469.0,34.997623443603516
470.0,36.68668746948242
471.0,40.38872146606445
472.0,48.526695251464844
473.0,55.10732650756836
474.0,55.239322662353516
475.0,59.641334533691406
476.0,61.685794830322266
477.0,59.4848747253418
478.0,61.993919372558594
479.0,65.22896575927734
480.0,61.19679260253906
481.0,54.1552734375
482.0,55.08422088623047
483.0,63.57155990600586
484.0,62.80378341674805
485.0,58.95758056640625
486.0,58.44853591918945
487.0,63.51094055175781
488.0,56.51290512084961
489.0,65.16400909423828
490.0,69.91083526611328
491.0,21.53514862060547
492.0,26.462783813476562
493.0,28.194660186767578
494.0,22.199541091918945
495.0,14.143226623535156
496.0,7.622537136077881
497.0,10.678640365600586
498.0,8.655157089233398
499.0,8.63327407836914
500.0,8.748723030090332
501.0,7.647907733917236
502.0,6.854508399963379
503.0,7.13409948348999
504.0,7.362477779388428
505.0,8.278277397155762
506.0,9.816573143005371
507.0,12.72922134399414
508.0,15.03477954864502
509.0,23.23143196105957
510.0,22.663564682006836
511.0,25.465824127197266
512.0,29.924148559570312
513.0,20.845867156982422
514.0,23.35968017578125
515.0,26.00687026977539
516.0,32.84236526489258
517.0,32.27910232543945
518.0,33.47361755371094
519.0,36.415653228759766
520.0,35.83470153808594
521.0,40.69407653808594
522.0,47.30933380126953
523.0,49.42829513549805
524.0,55.9423828125
525.0,68.36973571777344
526.0,70.98188781738281
527.0,68.46212768554688
528.0,67.8582534790039
529.0,62.9343147277832
530.0,57.910308837890625
531.0,64.7221450805664
532.0,71.6043472290039
533.0,64.9989013671875
534.0,60.911705017089844
535.0,66.66049194335938
536.0,73.9637222290039
537.0,63.887874603271484
538.0,63.09023666381836
539.0,71.79234313964844
540.0,15.311155319213867
541.0,23.572195053100586
542.0,23.560028076171875
543.0,18.662221908569336
544.0,10.619828224182129
545.0,7.468983173370361
546.0,7.389484405517578
547.0,7.334096431732178
548.0,8.034500122070312
549.0,7.633562088012695
550.0,7.830261707305908
551.0,7.165928840637207
552.0,7.290851593017578
553.0,6.8611860275268555
554.0,8.483396530151367
555.0,10.662857055664062
556.0,12.526633262634277
557.0,19.147865295410156
558.0,33.07948684692383
559.0,39.32324981689453
560.0,30.689714431762695
561.0,30.108070373535156
562.0,24.14876937866211
563.0,27.176116943359375
564.0,28.687522888183594
565.0,34.7806396484375
566.0,30.150272369384766
567.0,31.490066528320312
568.0,32.47916030883789
569.0,33.34270477294922
570.0,37.93408203125
571.0,44.41315841674805
572.0,45.75719451904297
573.0,52.534095764160156
574.0,64.5593490600586
575.0,76.98389434814453
576.0,82.97621154785156
577.0,81.43699645996094
578.0,77.18180847167969
579.0,67.90845489501953
580.0,70.44941711425781
581.0,72.26878356933594
582.0,66.94638061523438
583.0,65.15267944335938
584.0,70.73019409179688
585.0,74.76896667480469
586.0,64.74250793457031
587.0,65.24529266357422
588.0,77.4062271118164
589.0,11.413670539855957
590.0,16.10807991027832
591.0,15.498709678649902
592.0,10.72370719909668
593.0,7.886483669281006
594.0,5.1805195808410645
595.0,5.487620830535889
596.0,7.459253311157227
597.0,7.550445079803467
598.0,5.852230548858643
599.0,6.786846160888672
600.0,6.154442310333252
601.0,6.270449161529541
602.0,15.032482147216797
603.0,13.948615074157715
604.0,12.853839874267578
605.0,12.325864791870117
606.0,19.38175392150879
607.0,29.04136848449707
608.0,34.74606704711914
609.0,32.30474090576172
610.0,28.67081069946289
611.0,26.387367248535156
612.0,28.046430587768555
613.0,31.746341705322266
614.0,33.7010612487793
615.0,28.99972915649414
616.0,30.278017044067383
617.0,30.95522689819336
618.0,33.77463912963867
619.0,40.84487533569336
620.0,46.9559440612793
621.0,51.76779556274414
622.0,55.01554870605469
623.0,63.18813705444336
624.0,77.54100036621094
625.0,93.80438995361328
626.0,99.67127990722656
627.0,99.55795288085938
628.0,89.19539642333984
629.0,81.6711654663086
630.0,75.93155670166016
631.0,73.9874267578125
632.0,75.96142578125
633.0,81.3829345703125
634.0,75.39574432373047
635.0,65.0337142944336
636.0,70.681396484375
637.0,82.6532974243164
638.0,8.184128761291504
639.0,7.3957343101501465
640.0,12.093761444091797
641.0,7.451984882354736
642.0,5.3766188621521
643.0,5.57920503616333
644.0,6.663749694824219
645.0,6.754838943481445
646.0,6.41171407699585
647.0,6.680488586425781
648.0,7.562686443328857
649.0,7.718581199645996
650.0,5.234030723571777
651.0,12.00998306274414
652.0,15.317930221557617
653.0,13.972626686096191
654.0,14.107686042785645
655.0,20.229942321777344
656.0,26.85355567932129
657.0,33.4987907409668
658.0,34.06295394897461
659.0,31.909252166748047
660.0,28.707714080810547
661.0,28.340782165527344
662.0,29.483776092529297
663.0,31.154348373413086
664.0,31.766447067260742
665.0,32.320350646972656
666.0,35.58794021606445
667.0,38.52800369262695
668.0,39.91975021362305
669.0,47.2444953918457
670.0,52.5737190246582
671.0,55.45549392700195
672.0,66.74588012695312
673.0,85.26820373535156
674.0,96.96609497070312
675.0,111.162353515625
676.0,113.62073516845703
677.0,102.02790069580078
678.0,93.58781433105469
679.0,82.85330963134766
680.0,77.13182067871094
681.0,81.39805603027344
682.0,81.18904113769531
683.0,71.31838989257812
684.0,68.73572540283203
685.0,80.97378540039062
686.0,88.54024505615234
687.0,9.441174507141113
688.0,12.248147964477539
689.0,15.183972358703613
690.0,14.244566917419434
691.0,8.34034252166748
692.0,6.178948879241943
693.0,6.963497638702393
694.0,6.508072853088379
695.0,6.205651760101318
696.0,6.640344619750977
697.0,7.584985733032227
698.0,9.642040252685547
699.0,11.645807266235352
700.0,13.402436256408691
701.0,16.222562789916992
702.0,18.240949630737305
703.0,15.3638277053833
704.0,18.50143051147461
705.0,23.65903663635254
706.0,29.722606658935547
707.0,32.08978271484375
708.0,31.284500122070312
709.0,26.690134048461914
710.0,27.208158493041992
711.0,30.037899017333984
712.0,30.799161911010742
713.0,32.24344253540039
714.0,35.31673812866211
715.0,41.00961685180664
716.0,41.42731475830078
717.0,40.88604736328125
718.0,44.00139236450195
719.0,48.890586853027344
720.0,53.72736358642578
721.0,69.34806060791016
722.0,93.24146270751953
723.0,114.25037384033203
724.0,122.63618469238281
725.0,123.19747924804688
726.0,122.5459213256836
727.0,107.2855224609375
728.0,95.50383758544922
729.0,86.30146026611328
730.0,77.87879180908203
731.0,71.30619812011719
732.0,67.4227294921875
733.0,73.14949798583984
734.0,87.83369445800781
735.0,94.39155578613281
736.0,17.78098487854004
737.0,22.933490753173828
738.0,24.031248092651367
739.0,22.423053741455078
740.0,11.182262420654297
741.0,5.503101348876953
742.0,6.5098185539245605
743.0,8.71486759185791
744.0,6.267262935638428
745.0,9.377387046813965
746.0,7.691662311553955
747.0,10.167908668518066
748.0,13.955110549926758
749.0,12.813974380493164
750.0,14.273696899414062
751.0,16.343385696411133
752.0,17.015628814697266
753.0,20.234905242919922
754.0,25.462636947631836
755.0,27.94780158996582
756.0,30.515207290649414
757.0,30.686128616333008
758.0,28.6987247467041
759.0,27.750410079956055
760.0,32.82896041870117
761.0,32.42247009277344
762.0,36.268924713134766
763.0,41.805091857910156
764.0,47.6223258972168
765.0,46.079505920410156
766.0,43.95380783081055
767.0,42.61832809448242
768.0,52.43914794921875
769.0,66.70230102539062
770.0,81.63444519042969
771.0,100.80343627929688
772.0,115.58787536621094
773.0,129.68243408203125
774.0,130.69007873535156
775.0,134.90184020996094
776.0,126.50010681152344
777.0,110.13788604736328
778.0,97.36412811279297
779.0,79.9953384399414
780.0,72.09320068359375
781.0,67.37039184570312
782.0,77.97048950195312
783.0,90.21002197265625
784.0,93.70458984375
785.0,29.092958450317383
786.0,26.76467514038086
787.0,25.313541412353516
788.0,22.721050262451172
789.0,17.56473731994629
790.0,8.2716703414917
791.0,7.541441917419434
792.0,5.1462321281433105
793.0,5.112973213195801
794.0,5.769735336303711
795.0,6.9182000160217285
796.0,10.70469856262207
797.0,11.179747581481934
798.0,13.907492637634277
799.0,13.874903678894043
800.0,14.447463989257812
801.0,20.338668823242188
802.0,22.863441467285156
803.0,27.760189056396484
804.0,24.937469482421875
805.0,22.96385383605957
806.0,27.67169952392578
807.0,32.71251678466797
808.0,32.54973220825195
809.0,36.80546951293945
810.0,40.6521110534668
811.0,42.04145431518555
812.0,46.89543914794922
813.0,51.99113845825195
814.0,54.55146408081055
815.0,54.677886962890625
816.0,55.523406982421875
817.0,62.08353805541992
818.0,71.25643157958984
819.0,87.09172821044922
820.0,99.4629898071289
821.0,97.71356201171875
822.0,110.92159271240234
823.0,112.14411926269531
824.0,124.92520141601562
825.0,127.55052947998047
826.0,118.86426544189453
827.0,105.77935028076172
828.0,88.26996612548828
829.0,77.10955810546875
830.0,73.93816375732422
831.0,81.35494995117188
832.0,93.86705780029297
833.0,92.82490539550781
834.0,33.350425720214844
835.0,29.974124908447266
836.0,23.444717407226562
837.0,22.620004653930664
838.0,20.193445205688477
839.0,10.691081047058105
840.0,6.32069206237793
841.0,6.2046027183532715
842.0,7.019505023956299
843.0,7.682432174682617
844.0,6.482287883758545
845.0,7.260209083557129
846.0,11.430818557739258
847.0,11.740335464477539
848.0,13.404935836791992
849.0,12.44884204864502
850.0,18.866071701049805
851.0,21.03545379638672
852.0,22.695825576782227
853.0,20.245180130004883
854.0,24.560827255249023
855.0,28.638853073120117
856.0,32.88273620605469
857.0,35.927642822265625
858.0,39.51914978027344
859.0,38.336761474609375
860.0,39.14897537231445
861.0,44.13018035888672
862.0,48.733863830566406
863.0,46.407203674316406
864.0,49.07943344116211
865.0,54.64284896850586
866.0,60.68912124633789
867.0,65.75161743164062
868.0,77.29348754882812
869.0,81.10653686523438
870.0,79.22876739501953
871.0,90.87029266357422
872.0,98.59944152832031
873.0,114.68865203857422
874.0,107.86930084228516
875.0,118.81149291992188
876.0,109.5552978515625
877.0,95.16432189941406
878.0,83.58110046386719
879.0,76.5890884399414
880.0,84.10237121582031
881.0,94.57964324951172
882.0,93.18733978271484
883.0,30.30533218383789
884.0,25.26080322265625
885.0,23.237930297851562
886.0,19.599214553833008
887.0,16.485851287841797
888.0,12.364924430847168
889.0,5.939783096313477
890.0,5.674126148223877
891.0,5.381293773651123
892.0,7.7517008781433105
893.0,7.277749538421631
894.0,5.932352066040039
895.0,10.85715389251709
896.0,11.736042976379395
897.0,11.856249809265137
898.0,12.499499320983887
899.0,15.730050086975098
900.0,19.778230667114258
901.0,22.471763610839844
902.0,19.27574348449707
903.0,25.662534713745117
904.0,28.685768127441406
905.0,33.62993240356445
906.0,36.13584899902344
907.0,37.97456359863281
908.0,36.762393951416016
909.0,36.93880081176758
910.0,40.55990982055664
911.0,43.28181838989258
912.0,44.180076599121094
913.0,49.15647888183594
914.0,53.2718391418457
915.0,59.703678131103516
916.0,66.63013458251953
917.0,71.86947631835938
918.0,69.06690979003906
919.0,75.25978088378906
920.0,87.17930603027344
921.0,96.8762435913086
922.0,95.50173950195312
923.0,98.62821197509766
924.0,108.2031478881836
925.0,108.28913116455078
926.0,101.86238098144531
927.0,87.76909637451172
928.0,82.8053207397461
929.0,85.99964904785156
930.0,97.29076385498047
931.0,94.15950012207031
932.0,24.509746551513672
933.0,22.308828353881836
934.0,18.09408950805664
935.0,17.88319206237793
936.0,18.257741928100586
937.0,18.245147705078125
938.0,8.977856636047363
939.0,5.303594589233398
940.0,6.3672895431518555
941.0,8.23189640045166
942.0,8.76393985748291
943.0,7.292123794555664
944.0,9.222411155700684
945.0,11.030701637268066
946.0,12.385686874389648
947.0,13.132932662963867
948.0,15.917718887329102
949.0,21.60398292541504
950.0,22.0947208404541
951.0,18.555673599243164
952.0,27.039104461669922
953.0,27.24208641052246
954.0,34.79634475708008
955.0,34.16498947143555
956.0,36.589759826660156
957.0,36.411834716796875
958.0,35.843231201171875
959.0,34.56683349609375
960.0,38.89982604980469
961.0,43.0627326965332
962.0,52.49577331542969
963.0,50.78365707397461
964.0,49.32184600830078
965.0,59.142337799072266
966.0,60.91727828979492
967.0,56.67612075805664
968.0,64.72174072265625
969.0,84.4603042602539
970.0,79.82472229003906
971.0,79.99970245361328
972.0,91.45298767089844
973.0,111.45530700683594
974.0,109.896728515625
975.0,101.80840301513672
976.0,97.12873077392578
977.0,92.11054992675781
978.0,87.8477783203125
979.0,99.34576416015625
980.0,97.29769134521484
981.0,22.767118453979492
982.0,24.01019859313965
983.0,27.56035804748535
984.0,28.167322158813477
985.0,24.164691925048828
986.0,21.94332504272461
987.0,10.047473907470703
988.0,5.799683094024658
989.0,6.382953643798828
990.0,7.366209983825684
991.0,6.125251293182373
992.0,5.585703372955322
993.0,8.163104057312012
994.0,10.267236709594727
995.0,13.351571083068848
996.0,14.598731994628906
997.0,14.709796905517578
998.0,17.578779220581055
999.0,20.947586059570312
1000.0,21.571046829223633
1001.0,30.17780876159668
1002.0,34.433658599853516
1003.0,38.55321502685547
1004.0,34.56144332885742
1005.0,36.01164627075195
1006.0,35.79426574707031
1007.0,35.73487854003906
1008.0,33.379337310791016
1009.0,33.9943962097168
1010.0,36.52531051635742
1011.0,40.729026794433594
1012.0,39.63347244262695
1013.0,39.6256103515625
1014.0,45.82102584838867
1015.0,47.86840057373047
1016.0,49.43643569946289
1017.0,52.801334381103516
1018.0,66.11895751953125
1019.0,69.12918853759766
1020.0,91.54029846191406
1021.0,111.09745025634766
1022.0,120.48191833496094
1023.0,116.36395263671875
1024.0,112.31216430664062
1025.0,98.424072265625
1026.0,98.61065673828125
1027.0,90.89459991455078
1028.0,102.3681640625
1029.0,99.18437957763672
1030.0,25.33395004272461
1031.0,31.812999725341797
1032.0,32.01470947265625
1033.0,30.142011642456055
1034.0,23.803178787231445
1035.0,21.029367446899414
1036.0,9.995247840881348
1037.0,3.6714797019958496
1038.0,6.544013977050781
1039.0,7.309755325317383
1040.0,6.350695610046387
1041.0,6.333159446716309
1042.0,4.918153762817383
1043.0,8.353931427001953
1044.0,10.259520530700684
1045.0,13.08051586151123
1046.0,15.048833847045898
1047.0,16.466083526611328
1048.0,20.593097686767578
1049.0,28.223852157592773
1050.0,35.809471130371094
1051.0,35.3018798828125
1052.0,36.32555389404297
1053.0,32.05234146118164
1054.0,33.0078239440918
1055.0,35.162567138671875
1056.0,37.64823913574219
1057.0,36.564998626708984
1058.0,40.50483703613281
1059.0,39.50898742675781
1060.0,36.78395462036133
1061.0,34.61357498168945
1062.0,33.25697326660156
1063.0,35.895198822021484
1064.0,40.6282958984375
1065.0,43.10457229614258
1066.0,49.31901168823242
1067.0,57.61024475097656
1068.0,63.18738555908203
1069.0,90.57308197021484
1070.0,119.43801879882812
1071.0,127.3067398071289
1072.0,125.98937225341797
1073.0,114.96414184570312
1074.0,106.58935546875
1075.0,108.70572662353516
1076.0,99.17292785644531
1077.0,103.64051818847656
1078.0,105.20323181152344
1079.0,25.614870071411133
1080.0,31.725337982177734
1081.0,31.61687469482422
1082.0,27.166641235351562
1083.0,23.11992073059082
1084.0,20.690750122070312
1085.0,10.680135726928711
1086.0,3.8325719833374023
1087.0,5.327714443206787
1088.0,5.900744438171387
1089.0,7.147976875305176
1090.0,6.374915599822998
1091.0,5.161155700683594
1092.0,7.623653411865234
1093.0,10.795454978942871
1094.0,14.886964797973633
1095.0,14.61506462097168
1096.0,14.456195831298828
1097.0,17.93852996826172
1098.0,25.96751594543457
1099.0,29.72562599182129
1100.0,32.059349060058594
1101.0,34.00695037841797
1102.0,35.4647102355957
1103.0,34.5335807800293
1104.0,33.189510345458984
1105.0,34.76854705810547
1106.0,35.85677719116211
1107.0,38.42375564575195
1108.0,36.87006759643555
1109.0,36.20906066894531
1110.0,32.227134704589844
1111.0,30.25465965270996
1112.0,33.409332275390625
1113.0,36.666324615478516
1114.0,39.17183303833008
1115.0,48.688560485839844
1116.0,54.76506805419922
1117.0,61.63678741455078
1118.0,77.55694580078125
1119.0,102.53733825683594
1120.0,111.29241943359375
1121.0,101.4726791381836
1122.0,98.55501556396484
1123.0,93.3509750366211
1124.0,90.2713394165039
1125.0,86.9607925415039
1126.0,99.52589416503906
1127.0,104.19695281982422
1128.0,25.142892837524414
1129.0,29.62981414794922
1130.0,29.42455291748047
1131.0,27.415016174316406
1132.0,22.772451400756836
1133.0,22.75067710876465
1134.0,17.06023406982422
1135.0,5.077148914337158
1136.0,3.3890597820281982
1137.0,5.29016637802124
1138.0,5.609573841094971
1139.0,8.398174285888672
1140.0,4.510061740875244
1141.0,9.92302131652832
1142.0,11.042200088500977
1143.0,14.183505058288574
1144.0,17.525964736938477
1145.0,13.042442321777344
1146.0,13.684818267822266
1147.0,20.842628479003906
1148.0,33.83503341674805
1149.0,32.364784240722656
1150.0,36.58321762084961
1151.0,38.98942565917969
1152.0,35.486812591552734
1153.0,37.7030143737793
1154.0,36.280696868896484
1155.0,30.987751007080078
1156.0,30.55754852294922
1157.0,31.668659210205078
1158.0,31.37867546081543
1159.0,29.310985565185547
1160.0,32.85160827636719
1161.0,35.66154479980469
1162.0,38.64677429199219
1163.0,45.41777801513672
1164.0,49.000755310058594
1165.0,57.050987243652344
1166.0,66.45350646972656
1167.0,69.85154724121094
1168.0,87.8602066040039
1169.0,97.47960662841797
1170.0,81.68350219726562
1171.0,86.32609558105469
1172.0,74.68556213378906
1173.0,64.69998931884766
1174.0,60.05727767944336
1175.0,74.82209014892578
1176.0,93.93340301513672
1177.0,25.643951416015625
1178.0,29.612274169921875
1179.0,27.04115104675293
1180.0,27.58641815185547
1181.0,27.452640533447266
1182.0,22.964805603027344
1183.0,18.78156852722168
1184.0,12.077604293823242
1185.0,3.8037779331207275
1186.0,4.388859748840332
1187.0,5.635560035705566
1188.0,5.471683979034424
1189.0,4.937953472137451
1190.0,10.531647682189941
1191.0,12.091394424438477
1192.0,10.794416427612305
1193.0,16.961599349975586
1194.0,13.976165771484375
1195.0,12.423782348632812
1196.0,20.047197341918945
1197.0,29.280134201049805
1198.0,36.81391906738281
1199.0,36.18295669555664
1200.0,37.74230194091797
1201.0,36.92045974731445
1202.0,36.283042907714844
1203.0,31.957292556762695
1204.0,28.519384384155273
1205.0,26.805030822753906
1206.0,27.24069595336914
1207.0,27.219768524169922
1208.0,30.156147003173828
1209.0,34.99604415893555
1210.0,37.94398498535156
1211.0,41.946170806884766
1212.0,52.28076171875
1213.0,43.57560348510742
1214.0,41.91828536987305
1215.0,51.66727828979492
1216.0,58.839847564697266
1217.0,70.61620330810547
1218.0,88.01663208007812
1219.0,79.83783721923828
1220.0,71.65686798095703
1221.0,67.05992126464844
1222.0,47.732418060302734
1223.0,45.58512496948242
1224.0,59.18154525756836
1225.0,81.22361755371094
1226.0,29.196975708007812
1227.0,32.4860725402832
1228.0,28.691415786743164
1229.0,23.559762954711914
1230.0,22.658843994140625
1231.0,22.33026695251465
1232.0,19.213911056518555
1233.0,15.860225677490234
1234.0,8.404936790466309
1235.0,5.7184247970581055
1236.0,6.579071044921875
1237.0,6.609769344329834
1238.0,4.650848388671875
1239.0,10.454411506652832
1240.0,10.179871559143066
1241.0,10.492130279541016
1242.0,14.870247840881348
1243.0,17.66733741760254
1244.0,11.950197219848633
1245.0,17.94085693359375
1246.0,27.323152542114258
1247.0,34.3616943359375
1248.0,35.40786361694336
1249.0,37.77895736694336
1250.0,36.41407775878906
1251.0,36.27405548095703
1252.0,32.87010192871094
1253.0,26.946258544921875
1254.0,23.715087890625
1255.0,24.93297004699707
1256.0,26.704160690307617
1257.0,30.913305282592773
1258.0,39.28277587890625
1259.0,45.956695556640625
1260.0,50.244415283203125
1261.0,51.942020416259766
1262.0,39.60659408569336
1263.0,36.977989196777344
1264.0,43.51707458496094
1265.0,50.69376754760742
1266.0,55.245811462402344
1267.0,68.88963317871094
1268.0,77.15982055664062
1269.0,63.11984634399414
1270.0,58.83972930908203
1271.0,42.082359313964844
1272.0,41.129703521728516
1273.0,43.2200813293457
1274.0,62.35467529296875
1275.0,37.5521125793457
1276.0,36.14252471923828
1277.0,32.36724090576172
1278.0,27.177045822143555
1279.0,22.60881233215332
1280.0,18.795448303222656
1281.0,16.26807975769043
1282.0,12.474029541015625
1283.0,7.874117374420166
1284.0,8.09061050415039
1285.0,7.064997673034668
1286.0,5.406757354736328
1287.0,5.345065593719482
1288.0,6.753294467926025
1289.0,8.295430183410645
1290.0,12.986885070800781
1291.0,16.268098831176758
1292.0,15.479736328125
1293.0,17.231800079345703
1294.0,15.226874351501465
1295.0,22.776132583618164
1296.0,31.051462173461914
1297.0,34.82408142089844
1298.0,36.38499069213867
1299.0,35.26644515991211
1300.0,36.2631950378418
1301.0,32.678802490234375
1302.0,30.064668655395508
1303.0,24.676576614379883
1304.0,23.229555130004883
1305.0,26.02779769897461
1306.0,32.08930206298828
1307.0,41.49422073364258
1308.0,50.67000961303711
1309.0,49.31075668334961
1310.0,46.52873992919922
1311.0,37.45799255371094
1312.0,35.12772750854492
1313.0,38.42970275878906
1314.0,42.65747833251953
1315.0,45.44547653198242
1316.0,52.832035064697266
1317.0,68.39096069335938
1318.0,61.671607971191406
1319.0,48.46232223510742
1320.0,40.801185607910156
1321.0,37.347373962402344
1322.0,35.577728271484375
1323.0,39.74403762817383
1324.0,47.61446762084961
1325.0,38.43049240112305
1326.0,32.88651657104492
1327.0,28.215469360351562
1328.0,24.34930419921875
1329.0,19.220287322998047
1330.0,15.840062141418457
1331.0,12.367728233337402
1332.0,10.857401847839355
1333.0,8.619941711425781
1334.0,7.109762191772461
1335.0,9.068254470825195
1336.0,8.641312599182129
1337.0,10.430517196655273
1338.0,5.866652011871338
1339.0,9.908788681030273
1340.0,9.429400444030762
1341.0,7.639917373657227
1342.0,10.610517501831055
1343.0,14.726099014282227
1344.0,22.8370361328125
1345.0,29.52579689025879
1346.0,34.6097526550293
1347.0,36.33397674560547
1348.0,34.9803466796875
1349.0,32.671634674072266
1350.0,29.79548454284668
1351.0,25.41904067993164
1352.0,21.563491821289062
1353.0,22.930091857910156
1354.0,28.134170532226562
1355.0,31.92801856994629
1356.0,39.62078857421875
1357.0,45.131622314453125
1358.0,42.57305145263672
1359.0,38.51968002319336
1360.0,33.441375732421875
1361.0,33.70783996582031
1362.0,34.89755630493164
1363.0,38.45960998535156
1364.0,41.721946716308594
1365.0,46.448486328125
1366.0,63.59906005859375
1367.0,62.71939468383789
1368.0,46.597633361816406
1369.0,45.467979431152344
1370.0,41.042205810546875
1371.0,30.346113204956055
1372.0,30.534616470336914
1373.0,50.05647659301758
1374.0,40.93833541870117
1375.0,32.196468353271484
1376.0,26.577180862426758
1377.0,25.231557846069336
1378.0,20.728727340698242
1379.0,16.071054458618164
1380.0,12.823022842407227
1381.0,10.308185577392578
1382.0,9.436434745788574
1383.0,8.895096778869629
1384.0,7.228454113006592
1385.0,8.55848503112793
1386.0,7.16177225112915
1387.0,8.15990161895752
1388.0,9.970939636230469
1389.0,7.643606662750244
1390.0,9.341647148132324
1391.0,9.63055419921875
1392.0,7.646297454833984
1393.0,6.183703422546387
1394.0,24.577091217041016
1395.0,34.475929260253906
1396.0,35.57200241088867
1397.0,35.19139862060547
1398.0,28.683853149414062
1399.0,25.891584396362305
1400.0,22.155324935913086
1401.0,23.482526779174805
1402.0,26.128841400146484
1403.0,28.951448440551758
1404.0,34.06931686401367
1405.0,40.013912200927734
1406.0,41.650508880615234
1407.0,34.9380989074707
1408.0,33.66015625
1409.0,32.156158447265625
1410.0,31.557079315185547
1411.0,32.991477966308594
1412.0,36.12900924682617
1413.0,38.36375045776367
1414.0,40.69309616088867
1415.0,51.31723403930664
1416.0,62.256649017333984
1417.0,43.429115295410156
1418.0,41.93560028076172
1419.0,43.799110412597656
1420.0,32.69297790527344
1421.0,29.600473403930664
1422.0,43.42744445800781
1423.0,36.522377014160156
1424.0,28.46917152404785
1425.0,23.033782958984375
1426.0,21.150814056396484
1427.0,17.93328094482422
1428.0,14.222938537597656
1429.0,12.169079780578613
1430.0,10.059762001037598
1431.0,10.583942413330078
1432.0,9.832073211669922
1433.0,7.092629432678223
1434.0,9.182730674743652
1435.0,7.483138084411621
1436.0,7.24385929107666
1437.0,6.500595569610596
1438.0,7.664137840270996
1439.0,9.805389404296875
1440.0,12.991973876953125
1441.0,14.660417556762695
1442.0,8.19192123413086
1443.0,14.70767879486084
1444.0,28.799171447753906
1445.0,30.911447525024414
1446.0,29.094026565551758
1447.0,28.611427307128906
1448.0,24.400659561157227
1449.0,28.778064727783203
1450.0,35.933162689208984
1451.0,37.23398971557617
1452.0,37.7125358581543
1453.0,38.81441879272461
1454.0,43.66474151611328
1455.0,40.1901741027832
1456.0,35.513816833496094
1457.0,33.57137680053711
1458.0,32.25934600830078
1459.0,32.50542449951172
1460.0,32.6279296875
1461.0,34.88137435913086
1462.0,38.98802185058594
1463.0,40.83799743652344
1464.0,44.58076858520508
1465.0,61.05464172363281
1466.0,49.60560607910156
1467.0,37.8985481262207
1468.0,35.305484771728516
1469.0,27.75555992126465
1470.0,25.856719970703125
1471.0,43.693782806396484
1472.0,32.8317756652832
1473.0,24.86522102355957
1474.0,19.345197677612305
1475.0,16.35417366027832
1476.0,16.073471069335938
1477.0,13.701271057128906
1478.0,11.466412544250488
1479.0,9.946181297302246
1480.0,7.884187698364258
1481.0,7.733595371246338
1482.0,7.978913307189941
1483.0,8.190396308898926
1484.0,7.627438545227051
1485.0,7.40631628036499
1486.0,5.960455417633057
1487.0,8.797117233276367
1488.0,7.6115336418151855
1489.0,8.749364852905273
1490.0,9.749794960021973
1491.0,9.915729522705078
1492.0,8.64820671081543
1493.0,25.140954971313477
1494.0,31.891300201416016
1495.0,27.380430221557617
1496.0,23.526365280151367
1497.0,26.528663635253906
1498.0,32.36347961425781
1499.0,39.44108963012695
1500.0,42.16837692260742
1501.0,43.327266693115234
1502.0,42.76863479614258
1503.0,42.76110076904297
1504.0,37.729671478271484
1505.0,37.52018737792969
1506.0,33.316097259521484
1507.0,30.388154983520508
1508.0,30.837766647338867
1509.0,32.83561706542969
1510.0,35.053958892822266
1511.0,39.5391845703125
1512.0,44.56605911254883
1513.0,42.88008499145508
1514.0,45.45354080200195
1515.0,42.96967315673828
1516.0,36.88595199584961
1517.0,27.807498931884766
1518.0,25.078161239624023
1519.0,23.616050720214844
1520.0,37.674739837646484
1521.0,33.90513229370117
1522.0,24.314208984375
1523.0,19.811256408691406
1524.0,17.61041831970215
1525.0,14.818363189697266
1526.0,14.526433944702148
1527.0,11.59488296508789
1528.0,10.546085357666016
1529.0,9.296207427978516
1530.0,7.080414295196533
1531.0,6.642416000366211
1532.0,6.7139692306518555
1533.0,8.062254905700684
1534.0,8.14847183227539
1535.0,5.670346736907959
1536.0,6.072384834289551
1537.0,6.758918285369873
1538.0,9.121163368225098
1539.0,10.675040245056152
1540.0,16.00227165222168
1541.0,8.142468452453613
1542.0,24.122621536254883
1543.0,26.822792053222656
1544.0,21.897066116333008
1545.0,24.298965454101562
1546.0,25.58297348022461
1547.0,28.69565773010254
1548.0,30.644624710083008
1549.0,34.57963943481445
1550.0,39.20137023925781
1551.0,38.75531005859375
1552.0,40.47123718261719
1553.0,37.208553314208984
1554.0,42.6331901550293
1555.0,45.50171661376953
1556.0,41.32902526855469
1557.0,32.698055267333984
1558.0,29.48387336730957
1559.0,33.344791412353516
1560.0,40.36785888671875
1561.0,49.216243743896484
1562.0,39.76728057861328
1563.0,30.29245376586914
1564.0,28.099088668823242
1565.0,23.369558334350586
1566.0,22.473426818847656
1567.0,24.421932220458984
1568.0,21.78559684753418
1569.0,33.473106384277344
1570.0,27.729930877685547
1571.0,25.633411407470703
1572.0,30.160612106323242
1573.0,22.858488082885742
1574.0,18.16118812561035
1575.0,16.027437210083008
1576.0,12.093685150146484
1577.0,11.681866645812988
1578.0,10.994476318359375
1579.0,7.0534257888793945
1580.0,6.348286151885986
1581.0,4.372267246246338
1582.0,3.9779868125915527
1583.0,5.43094539642334
1584.0,7.254120349884033
1585.0,8.055962562561035
1586.0,8.321455955505371
1587.0,7.843337059020996
1588.0,9.406177520751953
1589.0,9.95119857788086
1590.0,8.879497528076172
1591.0,26.296112060546875
1592.0,32.74025344848633
1593.0,27.13507080078125
1594.0,27.260746002197266
1595.0,26.34905433654785
1596.0,24.85049057006836
1597.0,23.391515731811523
1598.0,26.148658752441406
1599.0,28.399383544921875
1600.0,32.018802642822266
1601.0,35.9912109375
1602.0,35.46337127685547
1603.0,36.81903076171875
1604.0,42.717796325683594
1605.0,44.04258728027344
1606.0,38.26206970214844
1607.0,28.882741928100586
1608.0,30.9335880279541
1609.0,36.20641326904297
1610.0,40.789024353027344
1611.0,35.954490661621094
1612.0,25.542142868041992
1613.0,21.982704162597656
1614.0,18.507535934448242
1615.0,19.88458251953125
1616.0,22.858179092407227
1617.0,18.828285217285156
1618.0,32.36549758911133
1619.0,27.351484298706055
1620.0,27.328168869018555
1621.0,40.628116607666016
1622.0,38.95229721069336
1623.0,29.44254493713379
1624.0,21.524927139282227
1625.0,14.979656219482422
1626.0,11.58301830291748
1627.0,8.234166145324707
1628.0,6.902122497558594
1629.0,5.825906753540039
1630.0,4.7646589279174805
1631.0,5.889978885650635
1632.0,6.13466215133667
1633.0,5.7158098220825195
1634.0,5.899450778961182
1635.0,7.029299736022949
1636.0,8.547159194946289
1637.0,9.005001068115234
1638.0,9.158602714538574
1639.0,12.552696228027344
1640.0,27.139570236206055
1641.0,33.620277404785156
1642.0,28.3587646484375
1643.0,26.33554458618164
1644.0,25.541484832763672
1645.0,23.78687858581543
1646.0,22.11119842529297
1647.0,21.504640579223633
1648.0,22.07129669189453
1649.0,23.056753158569336
1650.0,26.2176513671875
1651.0,30.892269134521484
1652.0,31.235292434692383
1653.0,35.07991409301758
1654.0,36.651145935058594
1655.0,36.7932243347168
1656.0,30.81599235534668
1657.0,29.274513244628906
1658.0,30.1910343170166
1659.0,34.01224899291992
1660.0,34.97744369506836
1661.0,20.93239974975586
1662.0,19.359649658203125
1663.0,18.05996322631836
1664.0,18.44598960876465
1665.0,22.90324592590332
1666.0,22.012235641479492
1667.0,28.188865661621094
1668.0,26.10153579711914
1669.0,29.0134220123291
1670.0,33.425254821777344
1671.0,38.38951110839844
1672.0,40.72312545776367
1673.0,32.382293701171875
1674.0,21.367586135864258
1675.0,12.574954986572266
1676.0,8.861830711364746
1677.0,6.215651512145996
1678.0,4.639121055603027
1679.0,4.634137153625488
1680.0,5.389728546142578
1681.0,6.454131126403809
1682.0,4.640678405761719
1683.0,5.153404712677002
1684.0,6.922100067138672
1685.0,9.153162002563477
1686.0,11.662585258483887
1687.0,8.675987243652344
1688.0,22.57822036743164
1689.0,30.90879249572754
1690.0,31.151447296142578
1691.0,34.369049072265625
1692.0,26.49006462097168
1693.0,25.623523712158203
1694.0,24.381853103637695
1695.0,22.147977828979492
1696.0,19.485395431518555
1697.0,20.93181800842285
1698.0,20.706193923950195
1699.0,23.791717529296875
1700.0,25.090791702270508
1701.0,28.028118133544922
1702.0,30.434179306030273
1703.0,28.099489212036133
1704.0,30.66877555847168
1705.0,30.55086326599121
1706.0,27.971057891845703
1707.0,28.379146575927734
1708.0,28.79049301147461
1709.0,33.51020050048828
1710.0,22.18264389038086
1711.0,16.656217575073242
1712.0,15.48129653930664
1713.0,15.61280345916748
1714.0,23.066720962524414
1715.0,28.524656295776367
1716.0,30.903249740600586
1717.0,28.48395538330078
1718.0,31.421659469604492
1719.0,31.66362190246582
1720.0,28.199594497680664
1721.0,36.14931106567383
1722.0,40.64069366455078
1723.0,29.311981201171875
1724.0,14.888747215270996
1725.0,9.473660469055176
1726.0,5.75538444519043
1727.0,4.559623718261719
1728.0,3.977628469467163
1729.0,4.967897415161133
1730.0,5.281976222991943
1731.0,4.499423503875732
1732.0,5.513956069946289
1733.0,6.714570999145508
1734.0,9.814312934875488
1735.0,15.86469554901123
1736.0,9.581714630126953
1737.0,25.814435958862305
1738.0,35.90327835083008
1739.0,33.61958694458008
1740.0,32.67180633544922
1741.0,27.12295150756836
1742.0,23.64331817626953
1743.0,21.451948165893555
1744.0,22.07850456237793
1745.0,20.62384605407715
1746.0,21.084245681762695
1747.0,20.335996627807617
1748.0,21.25910186767578
1749.0,23.786376953125
1750.0,24.549766540527344
1751.0,27.76346206665039
1752.0,26.241849899291992
1753.0,28.34954261779785
1754.0,31.308691024780273
1755.0,27.73662757873535
1756.0,26.435985565185547
1757.0,27.46847152709961
1758.0,32.45780944824219
1759.0,24.272663116455078
1760.0,14.507248878479004
1761.0,13.329852104187012
1762.0,15.29640007019043
1763.0,18.943065643310547
1764.0,25.201108932495117
1765.0,35.587928771972656
1766.0,35.24059295654297
1767.0,35.030582427978516
1768.0,30.202693939208984
1769.0,24.021631240844727
1770.0,25.757680892944336
1771.0,38.822509765625
1772.0,34.320003509521484
1773.0,17.475069046020508
1774.0,9.792905807495117
1775.0,5.2002272605896
1776.0,4.830511569976807
1777.0,5.1601433753967285
1778.0,4.620617389678955
1779.0,4.658853530883789
1780.0,4.570391654968262
1781.0,5.556944847106934
1782.0,7.905165672302246
1783.0,8.793610572814941
1784.0,6.571011066436768
1785.0,5.9564948081970215
1786.0,24.141422271728516
1787.0,34.93232345581055
1788.0,29.927425384521484
1789.0,32.900943756103516
1790.0,21.651552200317383
1791.0,21.16800880432129
1792.0,22.960180282592773
1793.0,21.745216369628906
1794.0,22.011890411376953
1795.0,20.754589080810547
1796.0,20.344789505004883
1797.0,20.09634017944336
1798.0,20.973207473754883
1799.0,21.894695281982422
1800.0,24.852134704589844
1801.0,26.09796905517578
1802.0,26.248258590698242
1803.0,28.75013542175293
1804.0,29.840194702148438
1805.0,26.496936798095703
1806.0,27.989816665649414
1807.0,32.29785919189453
1808.0,24.06789207458496
1809.0,14.607664108276367
1810.0,12.582018852233887
1811.0,13.871978759765625
1812.0,17.607934951782227
1813.0,19.976308822631836
1814.0,39.6096305847168
1815.0,44.135772705078125
1816.0,35.797576904296875
1817.0,25.55910873413086
1818.0,24.038162231445312
1819.0,21.31036376953125
1820.0,23.31898307800293
1821.0,23.45639991760254
1822.0,16.065824508666992
1823.0,9.0883207321167
1824.0,5.88339376449585
1825.0,6.091050624847412
1826.0,3.491891622543335
1827.0,4.39055871963501
1828.0,5.007536888122559
1829.0,4.9855194091796875
1830.0,5.742249011993408
1831.0,5.335418224334717
1832.0,9.320300102233887
1833.0,9.230646133422852
1834.0,10.146589279174805
1835.0,21.17394256591797
1836.0,27.2180233001709
1837.0,24.873384475708008
1838.0,20.96761703491211
1839.0,20.4409122467041
1840.0,20.34564208984375
1841.0,20.528820037841797
1842.0,20.482955932617188
1843.0,20.96782684326172
1844.0,20.05466079711914
1845.0,19.471622467041016
1846.0,19.85747718811035
1847.0,19.468706130981445
1848.0,21.69141387939453
1849.0,26.699588775634766
1850.0,26.697092056274414
1851.0,26.43628692626953
1852.0,26.435466766357422
1853.0,26.64683723449707
1854.0,32.261863708496094
1855.0,35.620216369628906
1856.0,34.53080749511719
1857.0,24.717729568481445
1858.0,15.494482040405273
1859.0,13.200117111206055
1860.0,13.623583793640137
1861.0,17.8007755279541
1862.0,15.107545852661133
1863.0,47.628265380859375
1864.0,47.024986267089844
1865.0,36.47917556762695
1866.0,28.553647994995117
1867.0,24.396743774414062
1868.0,22.506059646606445
1869.0,18.7004451751709
1870.0,13.831315040588379
1871.0,10.793333053588867
1872.0,8.844112396240234
1873.0,5.632176876068115
1874.0,5.426136016845703
1875.0,5.0871076583862305
1876.0,4.517409801483154
1877.0,5.3015947341918945
1878.0,5.333277702331543
1879.0,4.779114246368408
1880.0,6.261950492858887
1881.0,10.010190963745117
1882.0,5.8609490394592285
1883.0,10.124870300292969
1884.0,18.26139259338379
1885.0,23.05234718322754
1886.0,19.32882308959961
1887.0,16.957260131835938
1888.0,15.992103576660156
1889.0,18.010995864868164
1890.0,17.657392501831055
1891.0,18.12727165222168
1892.0,18.554548263549805
1893.0,19.113056182861328
1894.0,18.665191650390625
1895.0,20.161710739135742
1896.0,19.177059173583984
1897.0,20.087270736694336
1898.0,21.872373580932617
1899.0,22.953296661376953
1900.0,23.46978759765625
1901.0,24.246618270874023
1902.0,26.10049057006836
1903.0,32.76777267456055
1904.0,33.38654708862305
1905.0,33.2188835144043
1906.0,22.1149845123291
1907.0,15.602072715759277
1908.0,11.54175853729248
1909.0,11.024574279785156
1910.0,11.080198287963867
1911.0,10.156597137451172
1912.0,63.9422607421875
1913.0,48.76385498046875
1914.0,39.039642333984375
1915.0,30.83495330810547
1916.0,26.307998657226562
1917.0,23.483928680419922
1918.0,17.68088722229004
1919.0,13.984237670898438
1920.0,11.845870018005371
1921.0,9.13340950012207
1922.0,6.609622955322266
1923.0,6.337254047393799
1924.0,6.397103786468506
1925.0,4.345641136169434
1926.0,3.952671527862549
1927.0,3.918856382369995
1928.0,5.928552150726318
1929.0,5.145649433135986
1930.0,5.770350456237793
1931.0,4.98162317276001
1932.0,11.624053955078125
1933.0,15.131508827209473
1934.0,15.928974151611328
1935.0,17.515798568725586
1936.0,16.811965942382812
1937.0,13.395854949951172
1938.0,16.030044555664062
1939.0,18.766202926635742
1940.0,17.890047073364258
1941.0,17.3680477142334
1942.0,17.690515518188477
1943.0,19.368711471557617
1944.0,18.59238624572754
1945.0,17.97986602783203
1946.0,19.16629409790039
1947.0,20.293292999267578
1948.0,27.3929386138916
1949.0,24.275365829467773
1950.0,23.159456253051758
1951.0,27.333189010620117
1952.0,31.960649490356445
1953.0,30.89291763305664
1954.0,19.190000534057617
1955.0,13.756418228149414
1956.0,8.836254119873047
1957.0,8.491216659545898
1958.0,9.825448036193848
1959.0,10.052530288696289
1960.0,9.733514785766602
1961.0,65.21080017089844
1962.0,54.88499069213867
1963.0,35.5889778137207
1964.0,31.734987258911133
1965.0,25.556978225708008
1966.0,21.92673110961914
1967.0,18.742563247680664
1968.0,14.734139442443848
1969.0,10.695911407470703
1970.0,8.652918815612793
1971.0,5.326760292053223
1972.0,4.302496910095215
1973.0,4.968470573425293
1974.0,3.854783535003662
1975.0,4.529779434204102
1976.0,4.97320556640625
1977.0,6.08794641494751
1978.0,6.391720771789551
1979.0,3.64109468460083
1980.0,7.281231880187988
1981.0,8.704333305358887
1982.0,13.722850799560547
1983.0,14.98613166809082
1984.0,16.901477813720703
1985.0,17.46086311340332
1986.0,14.0507173538208
1987.0,14.878026008605957
1988.0,17.544078826904297
1989.0,17.258188247680664
1990.0,18.114351272583008
1991.0,19.41991424560547
1992.0,22.36118507385254
1993.0,20.206649780273438
1994.0,17.640701293945312
1995.0,16.591657638549805
1996.0,21.568283081054688
1997.0,24.405258178710938
1998.0,24.644927978515625
1999.0,23.941347122192383
2000.0,26.973190307617188
2001.0,31.298259735107422
2002.0,22.384254455566406
2003.0,8.219264030456543
2004.0,6.204506874084473
2005.0,6.351475238800049
2006.0,6.8590240478515625
2007.0,8.86867904663086
2008.0,9.579804420471191
2009.0,9.765850067138672
2010.0,82.77413177490234
2011.0,57.13667678833008
2012.0,39.46839904785156
2013.0,33.70515441894531
2014.0,31.18781280517578
2015.0,31.52985954284668
2016.0,23.4031925201416
2017.0,18.09400749206543
2018.0,11.369318962097168
2019.0,7.2033820152282715
2020.0,5.859020233154297
2021.0,5.100115776062012
2022.0,4.201430797576904
2023.0,3.0643703937530518
2024.0,3.4797770977020264
2025.0,4.503471851348877
2026.0,6.1877121925354
2027.0,6.492884159088135
2028.0,5.207475185394287
2029.0,4.495196342468262
2030.0,6.346715450286865
2031.0,10.138167381286621
2032.0,14.972563743591309
2033.0,14.319927215576172
2034.0,15.44677448272705
2035.0,16.059812545776367
2036.0,15.903939247131348
2037.0,17.3873291015625
2038.0,16.983196258544922
2039.0,18.836780548095703
2040.0,19.32811164855957
2041.0,19.942523956298828
2042.0,20.45866584777832
2043.0,17.904979705810547
2044.0,17.974477767944336
2045.0,21.181026458740234
2046.0,21.6252498626709
2047.0,20.554677963256836
2048.0,17.924793243408203
2049.0,16.697553634643555
2050.0,17.785287857055664
2051.0,8.249690055847168
2052.0,6.108000755310059
2053.0,7.116932392120361
2054.0,7.209846496582031
2055.0,6.073827743530273
2056.0,6.68423318862915
2057.0,8.962671279907227
2058.0,8.63359546661377
2059.0,82.54717254638672
2060.0,69.33296203613281
2061.0,54.26613235473633
2062.0,36.81468200683594
2063.0,40.08063507080078
2064.0,50.18419647216797
2065.0,31.808536529541016
2066.0,18.929847717285156
2067.0,13.589068412780762
2068.0,8.053596496582031
2069.0,5.264304161071777
2070.0,4.856229782104492
2071.0,3.5611746311187744
2072.0,4.470975875854492
2073.0,5.063912391662598
2074.0,3.125523567199707
2075.0,3.14373779296875
2076.0,5.189132213592529
2077.0,4.899899959564209
2078.0,3.3904941082000732
2079.0,4.720377445220947
2080.0,9.249194145202637
2081.0,12.216024398803711
2082.0,13.54073715209961
2083.0,14.184652328491211
2084.0,13.405035972595215
2085.0,14.116312980651855
2086.0,15.858657836914062
2087.0,16.606204986572266
2088.0,18.513872146606445
2089.0,18.18708038330078
2090.0,18.047475814819336
2091.0,17.965280532836914
2092.0,15.980953216552734
2093.0,16.240270614624023
2094.0,19.988523483276367
2095.0,19.82955551147461
2096.0,13.811182022094727
2097.0,11.045324325561523
2098.0,9.330745697021484
2099.0,6.437170028686523
2100.0,4.39431095123291
2101.0,6.031835556030273
2102.0,5.428508758544922
2103.0,6.663405895233154
2104.0,6.047839164733887
2105.0,6.187475681304932
2106.0,8.20361328125
2107.0,8.0
2108.0,55.37165451049805
2109.0,60.38875198364258
2110.0,60.50867462158203
2111.0,42.78987503051758
2112.0,39.133785247802734
2113.0,40.330078125
2114.0,36.20518112182617
2115.0,30.929061889648438
2116.0,19.938297271728516
2117.0,9.783426284790039
2118.0,5.42249059677124
2119.0,4.1445465087890625
2120.0,4.650407314300537
2121.0,5.84166955947876
2122.0,3.7795705795288086
2123.0,5.623079776763916
2124.0,6.658045768737793
2125.0,8.354134559631348
2126.0,8.23948860168457
2127.0,6.314476490020752
2128.0,3.0413918495178223
2129.0,7.164859771728516
2130.0,14.08640193939209
2131.0,14.093645095825195
2132.0,10.622997283935547
2133.0,12.883070945739746
2134.0,14.036118507385254
2135.0,15.191951751708984
2136.0,16.105697631835938
2137.0,15.544143676757812
2138.0,17.428783416748047
2139.0,19.06104278564453
2140.0,18.40325927734375
2141.0,14.129483222961426
2142.0,17.580533981323242
2143.0,17.506364822387695
2144.0,14.973479270935059
2145.0,9.4413480758667
2146.0,8.932096481323242
2147.0,6.258429050445557
2148.0,5.750142574310303
2149.0,6.3202338218688965
2150.0,7.252764701843262
2151.0,6.6096272468566895
2152.0,7.024372100830078
2153.0,8.010454177856445
2154.0,7.3384599685668945
2155.0,10.221152305603027
2156.0,10.020684242248535
2157.0,41.5765495300293
2158.0,42.70026779174805
2159.0,46.20064926147461
2160.0,46.9224853515625
2161.0,37.07822799682617
2162.0,30.52899169921875
2163.0,29.96136474609375
2164.0,43.557037353515625
2165.0,37.100826263427734
2166.0,15.32996654510498
2167.0,7.203970432281494
2168.0,5.288749694824219
2169.0,5.143835544586182
2170.0,4.679701805114746
2171.0,3.679403066635132
2172.0,2.946321725845337
2173.0,5.535488128662109
2174.0,8.663471221923828
2175.0,7.446084976196289
2176.0,7.632279396057129
2177.0,6.203700542449951
2178.0,5.332396507263184
2179.0,12.161189079284668
2180.0,14.068111419677734
2181.0,12.20189380645752
2182.0,13.846391677856445
2183.0,16.892412185668945
2184.0,14.211771011352539
2185.0,14.666496276855469
2186.0,16.072824478149414
2187.0,15.780536651611328
2188.0,17.52210807800293
2189.0,17.999713897705078
2190.0,14.482190132141113
2191.0,16.706430435180664
2192.0,13.081511497497559
2193.0,10.380941390991211
2194.0,7.767614364624023
2195.0,8.306787490844727
2196.0,5.219198703765869
2197.0,7.533576011657715
2198.0,7.24583625793457
2199.0,8.574193000793457
2200.0,7.324248790740967
2201.0,9.403060913085938
2202.0,9.96677017211914
2203.0,13.302861213684082
2204.0,15.602806091308594
2205.0,13.621471405029297
2206.0,48.617950439453125
2207.0,38.05177307128906
2208.0,34.81884002685547
2209.0,37.641700744628906
2210.0,34.01136779785156
2211.0,27.540483474731445
2212.0,25.516586303710938
2213.0,32.95494079589844
2214.0,31.286542892456055
2215.0,21.29451560974121
2216.0,11.178959846496582
2217.0,5.497025012969971
2218.0,3.9074151515960693
2219.0,3.1738839149475098
2220.0,4.161292552947998
2221.0,4.742576599121094
2222.0,7.037332534790039
2223.0,5.3571600914001465
2224.0,6.966222763061523
2225.0,7.036638259887695
2226.0,6.75980281829834
2227.0,5.471391201019287
2228.0,8.177263259887695
2229.0,11.371665954589844
2230.0,10.7495756149292
2231.0,12.60385799407959
2232.0,14.92763900756836
2233.0,13.887716293334961
2234.0,15.136552810668945
2235.0,16.126293182373047
2236.0,15.942116737365723
2237.0,16.271297454833984
2238.0,16.59286117553711
2239.0,12.886804580688477
2240.0,11.01729965209961
2241.0,9.818388938903809
2242.0,8.64159107208252
2243.0,7.463542461395264
2244.0,8.025028228759766
2245.0,6.477511405944824
2246.0,8.211389541625977
2247.0,7.114370822906494
2248.0,6.6363749504089355
2249.0,8.84691333770752
2250.0,12.57068157196045
2251.0,14.119662284851074
2252.0,15.936511993408203
2253.0,17.882484436035156
2254.0,17.154399871826172
2255.0,50.431034088134766
2256.0,38.93507766723633
2257.0,28.131561279296875
2258.0,30.12241554260254
2259.0,32.07749557495117
2260.0,29.27385902404785
2261.0,29.353843688964844
2262.0,25.412466049194336
2263.0,21.178953170776367
2264.0,23.069082260131836
2265.0,12.69607162475586
2266.0,6.836038112640381
2267.0,5.878607273101807
2268.0,5.613764762878418
2269.0,5.955429553985596
2270.0,5.386887073516846
2271.0,4.120832920074463
2272.0,5.201048851013184
2273.0,3.1551787853240967
2274.0,4.18989896774292
2275.0,4.414798259735107
2276.0,6.60813570022583
2277.0,9.577880859375
2278.0,10.9443941116333
2279.0,10.001758575439453
2280.0,11.959268569946289
2281.0,13.195473670959473
2282.0,15.443095207214355
2283.0,14.33793830871582
2284.0,15.458205223083496
2285.0,14.499231338500977
2286.0,16.04216194152832
2287.0,14.3494234085083
2288.0,9.329298973083496
2289.0,8.328775405883789
2290.0,8.908636093139648
2291.0,6.984506130218506
2292.0,5.9737114906311035
2293.0,7.667698860168457
2294.0,7.023425579071045
2295.0,7.613381385803223
2296.0,7.570095062255859
2297.0,11.069643020629883
2298.0,12.600961685180664
2299.0,14.481224060058594
2300.0,16.54182243347168
2301.0,19.321809768676758
2302.0,23.92019271850586
2303.0,21.863344192504883
2304.0,36.02043914794922
2305.0,35.4987907409668
2306.0,25.382200241088867
2307.0,26.825695037841797
2308.0,31.431766510009766
2309.0,39.176029205322266
2310.0,37.605979919433594
2311.0,30.507108688354492
2312.0,23.32788848876953
2313.0,15.928829193115234
2314.0,10.368630409240723
2315.0,6.899284839630127
2316.0,6.9628520011901855
2317.0,6.826767444610596
2318.0,4.876720428466797
2319.0,2.3090646266937256
2320.0,3.3846731185913086
2321.0,3.528106451034546
2322.0,4.695762634277344
2323.0,4.8581013679504395
2324.0,15.36397933959961
2325.0,7.646602153778076
2326.0,8.170632362365723
2327.0,8.271550178527832
2328.0,10.841937065124512
2329.0,12.187141418457031
2330.0,14.145944595336914
2331.0,14.018087387084961
2332.0,13.687128067016602
2333.0,12.820003509521484
2334.0,12.553977966308594
2335.0,10.086160659790039
2336.0,8.747734069824219
2337.0,6.9874186515808105
2338.0,7.0493669509887695
2339.0,6.602282524108887
2340.0,7.676628112792969
2341.0,7.331264972686768
2342.0,6.359790802001953
2343.0,5.3508195877075195
2344.0,8.618345260620117
2345.0,11.820954322814941
2346.0,14.783934593200684
2347.0,15.836843490600586
2348.0,15.73807430267334
2349.0,18.541410446166992
2350.0,25.323822021484375
2351.0,29.43613052368164
2352.0,21.996633529663086
2353.0,19.51976776123047
2354.0,18.74800682067871
2355.0,18.77797508239746
2356.0,20.33246612548828
2357.0,32.87360382080078
2358.0,46.147735595703125
2359.0,35.45380783081055
2360.0,26.952924728393555
2361.0,15.451462745666504
2362.0,8.565570831298828
2363.0,6.854714393615723
2364.0,7.584453105926514
2365.0,6.822072505950928
2366.0,6.201320648193359
2367.0,3.8892338275909424
2368.0,4.3539299964904785
2369.0,5.744968414306641
2370.0,5.175866603851318
2371.0,5.5858964920043945
2372.0,7.9398064613342285
2373.0,22.808259963989258
2374.0,8.551878929138184
2375.0,8.086196899414062
2376.0,7.150988578796387
2377.0,7.729488849639893
2378.0,11.52254867553711
2379.0,12.33322811126709
2380.0,14.001160621643066
2381.0,13.218914985656738
2382.0,9.393256187438965
2383.0,7.424775123596191
2384.0,7.426852226257324
2385.0,7.825560569763184
2386.0,10.188552856445312
2387.0,11.01959228515625
2388.0,8.122869491577148
2389.0,6.544674396514893
2390.0,8.954111099243164
2391.0,6.023531436920166
2392.0,8.84635066986084
2393.0,11.691635131835938
2394.0,14.404841423034668
2395.0,15.238317489624023
2396.0,15.27139949798584
2397.0,17.801912307739258
2398.0,24.87498664855957
2399.0,30.206344604492188
2400.0,37.86769485473633
2401.0,27.803335189819336
